"doc_id","doc_type","title","citation","court","bench","year","primary_article","secondary_articles","legal_topics","url","content"
"art_012","constitutional_article","Article 12: Definition of 'State'","Art. 12, Constitution of India","Constituent Assembly of India","Constituent Assembly Drafting Committee (Dr. B.R. Ambedkar)","1950","Article 12","Part III, Article 13, Article 32, Article 226","Definition of State, Fundamental Rights, Government of India, Parliament, Local Authorities, Other Authorities, Instrumentality or Agency of State","https://indiankanoon.org/doc/609139/","LANDMARK PRINCIPLE: Definition of 'State' for Fundamental Rights Enforcement under Part III.

CONSTITUTIONAL PROVISION:
In this Part, unless the context otherwise requires, 'the State' includes the Government and Parliament of India and the Government and the Legislature of each of the States and all local or other authorities within the territory of India or under the control of the Government of India.

LEGAL ANALYSIS AND SCOPE:
Article 12 defines the entity against which fundamental rights guaranteed by Part III of the Constitution can be enforced. The term 'State' encompasses four distinct tiers: (1) The Central Executive and Parliament of India; (2) The State Executives and Legislatures; (3) Local authorities such as Municipalities, Panchayats, District Boards, and Port Trusts (as defined under Section 3(31) of the General Clauses Act, 1897); and (4) 'Other authorities within the territory of India or under the control of the Government of India'. Through expansive constitutional interpretation in landmark judgments like Sukhdev Singh v. Bhagatram, Ramana Dayaram Shetty v. International Airport Authority of India (1979), and Ajay Hasia v. Khalid Mujib Sehravardi (1981), the Supreme Court laid down the cumulative 'deep and pervasive state control' test. Under this doctrine, statutory corporations, government-owned companies, and registered societies (such as CSIR, FCI, and ONGC) qualify as instrumentalities or agencies of the State, making their administrative, regulatory, and commercial actions subject to writ jurisdiction and fundamental rights scrutiny under Articles 14, 19, and 21."
"art_013","constitutional_article","Article 13: Laws Inconsistent with or in Derogation of Fundamental Rights","Art. 13, Constitution of India","Constituent Assembly of India","Constituent Assembly Drafting Committee (Dr. B.R. Ambedkar)","1950","Article 13","Article 32, Article 226, Article 368","Judicial review, void laws, pre-constitutional laws, post-constitutional laws, doctrine of severability, doctrine of eclipse, constitutional amendments","https://indiankanoon.org/doc/134715/","LANDMARK PRINCIPLE: Foundation of Judicial Review and Constitutional Invalidity of Inconsistent Laws.

CONSTITUTIONAL PROVISION:
13(1) All laws in force in the territory of India immediately before the commencement of this Constitution, in so far as they are inconsistent with the provisions of this Part, shall, to the extent of such inconsistency, be void.
13(2) The State shall not make any law which takes away or abridges the rights conferred by this Part and any law made in contravention of this clause shall, to the extent of the contravention, be void.
13(3) In this article, unless the context otherwise requires, 'law' includes any Ordinance, order, bye-law, rule, regulation, notification, custom or usages having in the territory of India the force of law.
13(4) Nothing in this article shall apply to any amendment of this Constitution made under article 368.

LEGAL ANALYSIS AND DOCTRINES:
Article 13 serves as the primary constitutional vehicle for judicial review in India. It establishes the supremacy of Fundamental Rights over both pre-constitutional statutes (Clause 1) and post-constitutional enactments (Clause 2). The Supreme Court developed crucial constitutional doctrines around Article 13: (a) The Doctrine of Severability (AK Gopalan, RMDC)—if valid statutory provisions can be separated from invalid ones, only the offending portion is void; (b) The Doctrine of Eclipse (Bhikaji Narain Dhakras v. State of MP)—pre-constitutional laws inconsistent with fundamental rights do not become dead letters, but remain dormant (eclipsed) until a constitutional amendment removes the shadow; and (c) The Doctrine of Waiver (Basheshar Nath v. CIT)—citizens cannot waive their Fundamental Rights because they are established as constitutional public policy. The historic debate between Article 13(2) and Article 368 regarding whether a constitutional amendment is a 'law' was reconciled in Kesavananda Bharati (1973), establishing that while amendments are constituent power, they cannot abrogate the basic structure."
"art_014","constitutional_article","Article 14: Equality Before Law & Equal Protection of the Laws","Art. 14, Constitution of India","Constituent Assembly of India","Constituent Assembly Drafting Committee (Dr. B.R. Ambedkar)","1950","Article 14","Article 15, Article 16, Article 19, Article 21","Right to Equality, Equality before law, Equal protection of laws, Reasonable classification, Non-arbitrariness, Rule of law, Manifest arbitrariness","https://indiankanoon.org/doc/367586/","LANDMARK PRINCIPLE: Universal Right to Equality, Reasonable Classification, and Anti-Arbitrariness.

CONSTITUTIONAL PROVISION:
The State shall not deny to any person equality before the law or the equal protection of the laws within the territory of India.

LEGAL ANALYSIS AND DOCTRINAL TESTS:
Article 14 combines two foundational concepts: (1) 'Equality before the law', derived from the English Common Law Rule of Law (Dicey), a negative concept establishing that no person is above the law and all classes are equally subject to ordinary jurisdiction; and (2) 'Equal protection of the laws', derived from the 14th Amendment of the US Constitution, a positive concept mandating equal treatment under equal circumstances. The interpretation of Article 14 has evolved through two distinct doctrinal eras:
1. Traditional Reasonable Classification Doctrine (State of West Bengal v. Anwar Ali Sarkar, 1952): Classification is valid if (a) it is founded on intelligible differentia distinguishing persons or things grouped together from others left out, and (b) the differentia has a rational nexus to the legislative object sought to be achieved.
2. Dynamic Non-Arbitrariness Doctrine (E.P. Royappa, Maneka Gandhi, Ajay Hasia): Equality is dynamic and antithetical to arbitrariness. State action that is arbitrary, whimsical, or devoid of reason violates Article 14 per se.
3. Doctrine of Manifest Arbitrariness (Shayara Bano v. Union of India, 2017): Plenary legislation can be struck down under Article 14 if it is capricious, irrational, lacks determining principle, or is excessive and disproportionate."
"art_015","constitutional_article","Article 15: Prohibition of Discrimination on Grounds of Religion, Race, Caste, Sex or Place of Birth","Art. 15, Constitution of India","Constituent Assembly of India","Constituent Assembly Drafting Committee (Dr. B.R. Ambedkar)","1950","Article 15","Article 14, Article 16, Article 21, Article 29","Non-discrimination, affirmative action, special provisions for women and children, socially and educationally backward classes, EWS reservations","https://indiankanoon.org/doc/609295/","LANDMARK PRINCIPLE: Specific Guarantee Against Discrimination and Affirmative Action.

CONSTITUTIONAL PROVISION:
15(1) The State shall not discriminate against any citizen on grounds only of religion, race, caste, sex, place of birth or any of them.
15(2) No citizen shall, on grounds only of religion, race, caste, sex, place of birth or any of them, be subject to any disability, liability, restriction or condition regarding access to shops, public restaurants, hotels, or use of wells, tanks, bathing ghats, roads, and places of public resort maintained wholly or partly out of State funds or dedicated to the use of the general public.
15(3) Nothing in this article shall prevent the State from making any special provision for women and children.
15(4) Special provision for advancement of any socially and educationally backward classes (SEBC) or SC/ST (added by 1st Amendment, 1951).
15(5) Special provision for admission to educational institutions, including private institutions whether aided or unaided (added by 93rd Amendment, 2005).
15(6) Special provision for economically weaker sections (EWS) up to 10% (added by 103rd Amendment, 2019).

LEGAL ANALYSIS:
Article 15 is a specific facet of Article 14's general guarantee of equality. Crucially, the presence of the word 'only' in Article 15(1) signifies that if discrimination is based on other relevant criteria in addition to sex, caste, or religion (e.g., physical capacity, economic hardship), the measure does not violate Article 15(1). Clauses (3), (4), (5), and (6) are not exceptions to the equality principle, but substantive equality mechanisms enabling protective discrimination for marginalized demographics (Indra Sawhney, Janhit Abhiyan)."
"art_016","constitutional_article","Article 16: Equality of Opportunity in Matters of Public Employment","Art. 16, Constitution of India","Constituent Assembly of India","Constituent Assembly Drafting Committee (Dr. B.R. Ambedkar)","1950","Article 16","Article 14, Article 15, Article 335","Public employment, reservations, backward classes, creamy layer, 50% ceiling rule, carry forward rule, promotions, EWS","https://indiankanoon.org/doc/211089/","LANDMARK PRINCIPLE: Equality in Public Employment and Constitutional Framework for Reservations.

CONSTITUTIONAL PROVISION:
16(1) Equality of opportunity for all citizens in matters relating to employment or appointment to any office under the State.
16(2) Prohibition of discrimination on grounds only of religion, race, caste, sex, descent, place of birth, residence, or any of them.
16(3) Parliamentary law prescribing residence requirements within a State or Union Territory.
16(4) Provision for reservation of appointments or posts in favor of any backward class of citizens not adequately represented in the services under the State.
16(4A) Reservation in matters of promotion with consequential seniority for Scheduled Castes and Scheduled Tribes (77th & 85th Amendments).
16(4B) Carry-forward of unfilled vacancies without exceeding the 50% ceiling on aggregate vacancies of that year (81st Amendment).
16(6) Reservation for Economically Weaker Sections (EWS) up to 10% in public appointments (103rd Amendment).

LEGAL ANALYSIS:
Article 16 governs equal opportunity in public service. In Indra Sawhney (1992), the 9-Judge Bench held that Article 16(4) is an emphatic restatement of substantive equality under Article 16(1), not an exception. Key constitutional limits include: (a) 50% vertical reservation ceiling; (b) exclusion of the 'creamy layer' from OBC reservations; (c) backwardness must be social and educational, not purely economic; and (d) administrative efficiency under Article 335 must be preserved."
"art_017","constitutional_article","Article 17: Abolition of Untouchability","Art. 17, Constitution of India","Constituent Assembly of India","Constituent Assembly Drafting Committee (Dr. B.R. Ambedkar)","1950","Article 17","Article 15(2), Article 21, Article 35","Abolition of Untouchability, Protection of Civil Rights Act 1955, SC/ST Prevention of Atrocities Act 1989, absolute fundamental right, horizontal enforcement against private individuals","https://indiankanoon.org/doc/1547842/","LANDMARK PRINCIPLE: Absolute Prohibition of Untouchability and Direct Horizontal Rights Enforcement.

CONSTITUTIONAL PROVISION:
'Untouchability' is abolished and its practice in any form is forbidden. The enforcement of any disability arising out of 'Untouchability' shall be an offence punishable in accordance with law.

LEGAL ANALYSIS:
Article 17 is one of the rare self-executing Fundamental Rights in the Indian Constitution that operates horizontally against private citizens, not merely vertically against the State (People's Union for Democratic Rights v. Union of India, 1982). The Constitution does not define 'untouchability'; the Mysore High Court in Devarajiah v. Padmanna (1958) clarified that the word refers to the social disability historically imposed on certain classes of people by reason of their birth in specific castes, rather than literal physical touch. Parliament enacted the Protection of Civil Rights Act, 1955 and the Scheduled Castes and Scheduled Tribes (Prevention of Atrocities) Act, 1989 pursuant to powers under Article 35(a)(ii) to give teeth to Article 17's mandate."
"art_018","constitutional_article","Article 18: Abolition of Titles","Art. 18, Constitution of India","Constituent Assembly of India","Constituent Assembly Drafting Committee (Dr. B.R. Ambedkar)","1950","Article 18","Article 14, Preamble (Equality of Status)","Abolition of Titles, National Awards, Bharat Ratna, Padma Vibhushan, aristocratic distinctions, republican democracy","https://indiankanoon.org/doc/1712542/","LANDMARK PRINCIPLE: Abolition of Feudal and Aristocratic Distinctions in a Republican Democracy.

CONSTITUTIONAL PROVISION:
18(1) No title, not being a military or academic distinction, shall be conferred by the State.
18(2) No citizen of India shall accept any title from any foreign State.
18(3) No person who is not a citizen of India shall, while holding any office of profit or trust under the State, accept without the consent of the President any title from any foreign State.
18(4) No person holding any office of profit or trust under the State shall, without the consent of the President, accept any present, emolument, or office of any kind from or under any foreign State.

LEGAL ANALYSIS:
In Balaji Raghavan v. Union of India (1996), a Constitution Bench upheld the validity of National Awards (Bharat Ratna, Padma Vibhushan, Padma Bhushan, Padma Shri), holding that they do not constitute prohibited 'titles' within the meaning of Article 18. The court observed that Article 18 seeks to prevent the creation of a titled aristocracy and hereditary privileges antithetical to republican equality, but does not preclude recognition of noble deeds, merit, or public service. However, the court strictly mandated that recipients must not use these honors as prefixes or suffixes to their names."
"art_019","constitutional_article","Article 19: Protection of Certain Rights Regarding Freedom of Speech, etc.","Art. 19, Constitution of India","Constituent Assembly of India","Constituent Assembly Drafting Committee (Dr. B.R. Ambedkar)","1950","Article 19","Article 14, Article 21, Article 358","Six Freedoms, Freedom of Speech and Expression, Assembly, Association, Movement, Residence, Trade and Profession, Reasonable Restrictions, Proportionality, Internet rights","https://indiankanoon.org/doc/1218090/","LANDMARK PRINCIPLE: Foundational Civil Liberties and Doctrine of Reasonable Restrictions.

CONSTITUTIONAL PROVISION:
19(1) All citizens shall have the right:
(a) to freedom of speech and expression;
(b) to assemble peaceably and without arms;
(c) to form associations or unions or co-operative societies;
(d) to move freely throughout the territory of India;
(e) to reside and settle in any part of the territory of India;
(g) to practise any profession, or to carry on any occupation, trade or business.

REASONABLE RESTRICTIONS:
19(2) Speech restrictions: sovereignty and integrity of India, security of the State, friendly relations with foreign States, public order, decency or morality, contempt of court, defamation, or incitement to an offence.
19(3)-(6) Restrictions on other freedoms in interests of sovereignty, integrity, public order, and general public.

LEGAL ANALYSIS:
Article 19 guarantees core democratic freedoms exclusively to Indian citizens. Restrictions imposed under clauses (2) to (6) must satisfy three mandatory constitutional tests: (1) Must be enacted by authority of law (not mere executive fiat); (2) Must fall strictly within the enumerated grounds of restrictions; and (3) Must be 'reasonable', adhering to the four-pronged test of proportionality (Modern Dental College, Anuradha Bhasin). The Supreme Court has expanded Article 19(1)(a) to encompass freedom of the press (Romesh Thappar, Bennett Coleman), right to commercial speech (Tata Press), right to information and voters' right to know (ADR), and freedom of speech over the internet (Shreya Singhal, Anuradha Bhasin)."
"art_020","constitutional_article","Article 20: Protection in Respect of Conviction for Offences","Art. 20, Constitution of India","Constituent Assembly of India","Constituent Assembly Drafting Committee (Dr. B.R. Ambedkar)","1950","Article 20","Article 21, Article 359, Code of Criminal Procedure","Ex post facto law, double jeopardy, protection against self-incrimination, non-suspendable right, narco-analysis, polygraph","https://indiankanoon.org/doc/655638/","LANDMARK PRINCIPLE: Fundamental Safeguards in Criminal Jurisprudence (Non-Suspendable under Emergency).

CONSTITUTIONAL PROVISION:
20(1) No person shall be convicted of any offence except for violation of a law in force at the time of the commission of the act charged as an offence, nor be subjected to a penalty greater than that which might have been inflicted under the law in force at the time of the commission of the offence.
20(2) No person shall be prosecuted and punished for the same offence more than once (Double Jeopardy).
20(3) No person accused of any offence shall be compelled to be a witness against himself (Self-Incrimination).

LEGAL ANALYSIS:
Following the 44th Constitutional Amendment (1978), Article 20 cannot be suspended even during a National Emergency proclaimed under Article 352. Clause (1) prohibits retrospective criminalization and retrospective enhancement of penalties (Kedar Nath v. State of West Bengal), though it does not prohibit retrospective reduction of penalty (Rattan Lal v. State of Punjab). Clause (2) incorporates the doctrine of autrefois convict—prohibiting repeated prosecution and punishment before a court of law for the same identical offence (Maqbool Hussain v. State of Bombay). Clause (3) grants the right to silence and immunity from testimonial compulsion. In Selvi v. State of Karnataka (2010), the Supreme Court ruled that involuntary administration of narco-analysis, polygraph tests, and brain-mapping violates Article 20(3) as well as the right to privacy under Article 21."
"art_021","constitutional_article","Article 21: Protection of Life and Personal Liberty","Art. 21, Constitution of India","Constituent Assembly of India","Constituent Assembly Drafting Committee (Dr. B.R. Ambedkar)","1950","Article 21","Article 14, Article 19, Article 20, Article 22, Article 359","Right to Life, Personal Liberty, Procedure established by law, Substantive due process, Golden Triangle, Right to Privacy, Dignity, Livelihood, Speedy Trial, Medical Care","https://indiankanoon.org/doc/1199182/","LANDMARK PRINCIPLE: Sacrosanct Heart of Fundamental Rights, Human Dignity, and Due Process of Law.

CONSTITUTIONAL PROVISION:
No person shall be deprived of his life or personal liberty except according to procedure established by law.

LEGAL ANALYSIS AND EXPANSIVE JURISPRUDENCE:
Article 21 protects every person (citizens and non-citizens alike) against arbitrary deprivation of life or personal liberty. Initially given a narrow, positivist reading in A.K. Gopalan (1950), Article 21 underwent a constitutional revolution in Maneka Gandhi v. Union of India (1978). The Supreme Court read 'procedure established by law' as requiring that any law depriving personal liberty must not be arbitrary, fanciful, or oppressive, but must be 'just, fair, and reasonable', effectively importing American substantive due process into Indian constitutionalism. Through the Golden Triangle doctrine (interconnection between Articles 14, 19, and 21), the court held that any statutory restriction under Article 21 must also withstand the equality and non-arbitrariness tests of Article 14 and the reasonableness tests of Article 19. Through decades of progressive judicial interpretation, 'life' has been held to mean far more than mere animal existence (Francis Coralie), encompassing:
• Right to human dignity (Francis Coralie Mullin, 1981)
• Right to livelihood and shelter (Olga Tellis, 1985)
• Right to privacy as an intrinsic fundamental right (K.S. Puttaswamy, 2017)
• Right to speedy trial and legal aid (Hussainara Khatoon, Khatri)
• Right against torture and custodial violence (D.K. Basu, Sunil Batra)
• Right to clean environment and pollution-free water/air (M.C. Mehta)
• Right to emergency medical care (Parmanand Katara)
• Right to die with dignity and passive euthanasia (Common Cause, Aruna Shanbaug)
• Right to bodily autonomy and sexual orientation (Navtej Johar, Joseph Shine)."
"art_021a","constitutional_article","Article 21A: Right to Free and Compulsory Education","Art. 21A, Constitution of India","Parliament of India (86th Constitutional Amendment Act, 2002)","Enacted by Parliament of India","2002","Article 21A","Article 21, Article 45, Article 51A(k)","Right to education, fundamental right, children aged 6 to 14 years, RTE Act 2009, affirmative admission quotas","https://indiankanoon.org/doc/1953529/","LANDMARK PRINCIPLE: Fundamental Right of Children to Free and Compulsory Elementary Education.

CONSTITUTIONAL PROVISION:
The State shall provide free and compulsory education to all children of the age of six to fourteen years in such manner as the State may, by law, determine.

LEGAL ANALYSIS:
Inserted by the 86th Constitutional Amendment Act, 2002, Article 21A transformed the non-justiciable Directive Principle of State Policy under Article 45 into an enforceable Fundamental Right under Part III. This amendment was inspired by the landmark judgments in Mohini Jain v. State of Karnataka (1992) and Unni Krishnan v. State of Andhra Pradesh (1993), wherein the Supreme Court held that the right to education is implicit in and flows directly from the right to life with dignity under Article 21. To operationalize Article 21A, Parliament enacted the Right of Children to Free and Compulsory Education Act, 2009 (RTE Act), mandating a 25% quota in private unaided schools for children belonging to disadvantaged and weaker sections, which was upheld by the Supreme Court in Society for Unaided Private Schools of Rajasthan v. Union of India (2012)."
"art_022","constitutional_article","Article 22: Protection Against Arrest and Detention in Certain Cases","Art. 22, Constitution of India","Constituent Assembly of India","Constituent Assembly Drafting Committee (Dr. B.R. Ambedkar)","1950","Article 22","Article 21, Code of Criminal Procedure","Punitive detention, preventive detention, right to be informed of grounds of arrest, right to consult legal practitioner, production before magistrate within 24 hours, Advisory Board","https://indiankanoon.org/doc/581566/","LANDMARK PRINCIPLE: Procedural Safeguards in Punitive Arrest and Constitutional Limits on Preventive Detention.

CONSTITUTIONAL PROVISION:
22(1) Right to be informed, as soon as may be, of the grounds for arrest, and right to consult, and to be defended by, a legal practitioner of one's choice.
22(2) Every person arrested and detained in custody shall be produced before the nearest magistrate within a period of twenty-four hours of such arrest (excluding journey time), and no detention beyond said period without magistrate's authority.
22(3) Clauses (1) and (2) do not apply to enemy aliens or persons arrested under preventive detention laws.
22(4)-(7) Safeguards governing preventive detention: detention beyond three months requires opinion of an Advisory Board comprising High Court judges; detaining authority must communicate grounds of detention and afford earliest opportunity to make a representation.

LEGAL ANALYSIS:
Article 22 provides procedural guarantees against unlawful police incarceration. In D.K. Basu v. State of West Bengal (1997), the Supreme Court derived mandatory custodial arrest guidelines directly from Articles 21 and 22(1)-(2). Preventive detention is strictly construed by courts, and any unexplained delay in deciding a detenu's representation vitiates the detention order as unconstitutional."
"art_023","constitutional_article","Article 23: Prohibition of Traffic in Human Beings and Forced Labour","Art. 23, Constitution of India","Constituent Assembly of India","Constituent Assembly Drafting Committee (Dr. B.R. Ambedkar)","1950","Article 23","Article 21, Article 24, Article 35","Traffic in human beings, begar, forced labour, minimum wages, horizontal fundamental right, bonded labour","https://indiankanoon.org/doc/157297/","LANDMARK PRINCIPLE: Prohibition of Human Trafficking, Begar, and Extraction of Forced Labour.

CONSTITUTIONAL PROVISION:
23(1) Traffic in human beings and begar and other similar forms of forced labour are prohibited and any contravention of this provision shall be an offence punishable in accordance with law.
23(2) Nothing in this article shall prevent the State from imposing compulsory service for public purposes, and in imposing such service the State shall not make any discrimination on grounds only of religion, race, caste or class or any of them.

LEGAL ANALYSIS:
Article 23 is an absolute fundamental right enforceable against private parties as well as the State. In People's Union for Democratic Rights (PUDR) v. Union of India (Asiad Workers Case, 1982), Justice Bhagwati held that 'forced labour' is not restricted to physical compulsion or legal duress. Where a person provides physical or mental labour for remuneration less than the statutory minimum wage, the economic distress and deprivation force him to surrender his labour, which directly constitutes 'forced labour' violating Article 23."
"art_024","constitutional_article","Article 24: Prohibition of Employment of Children in Factories, etc.","Art. 24, Constitution of India","Constituent Assembly of India","Constituent Assembly Drafting Committee (Dr. B.R. Ambedkar)","1950","Article 24","Article 21, Article 21A, Article 39(e)-(f)","Child labour, hazardous employment, factories, mines, Child Labour Prohibition Act, rehabilitation of child workers","https://indiankanoon.org/doc/1715421/","LANDMARK PRINCIPLE: Absolute Prohibition on Employment of Children below Fourteen in Hazardous Occupations.

CONSTITUTIONAL PROVISION:
No child below the age of fourteen years shall be employed to work in any factory or mine or engaged in any other hazardous employment.

LEGAL ANALYSIS:
Article 24 establishes an absolute, non-derogable constitutional command for the protection of children under 14 years of age. In M.C. Mehta v. State of Tamil Nadu (Sivakasi Child Labour Case, 1996), the Supreme Court directed the abolition of child labour in match and fireworks factories, mandating the creation of the Child Labour Rehabilitation-cum-Welfare Fund where offending employers must pay compensation per child worker, harmonizing Article 24 with the right to education under Article 21A."
"art_025","constitutional_article","Article 25: Freedom of Conscience and Free Profession, Practice and Propagation of Religion","Art. 25, Constitution of India","Constituent Assembly of India","Constituent Assembly Drafting Committee (Dr. B.R. Ambedkar)","1950","Article 25","Article 14, Article 26, Article 27, Article 28","Freedom of religion, conscience, profession, practice, propagation, public order, morality, health, essential religious practices doctrine, social reform","https://indiankanoon.org/doc/631708/","LANDMARK PRINCIPLE: Freedom of Religion Subject to Public Order, Morality, Health, and Fundamental Rights.

CONSTITUTIONAL PROVISION:
25(1) Subject to public order, morality and health and to the other provisions of this Part, all persons are equally entitled to freedom of conscience and the right freely to profess, practise and propagate religion.
25(2) Nothing in this article shall affect the operation of any existing law or prevent the State from making any law:
(a) regulating or restricting any economic, financial, political or other secular activity associated with religious practice;
(b) providing for social welfare and reform or the throwing open of Hindu religious institutions of a public character to all classes and sections of Hindus.

LEGAL ANALYSIS AND ESSENTIAL RELIGIOUS PRACTICES DOCTRINE:
Article 25 protects individual religious freedom, available to citizens and non-citizens. Crucially, the right under Article 25(1) is expressly made subject to (a) public order, morality, and health; and (b) 'the other provisions of this Part'—meaning it is subordinate to Articles 14 and 21 (Indian Young Lawyers Assn - Sabarimala, 2018). Under the 'Essential Religious Practices' doctrine originated in the Shirur Mutt Case (1954), constitutional protection extends only to tenets and practices that are essential and integral to the religion, as determined objectively by the court from foundational scriptures, rather than secular or superstitious accretions."
"art_026","constitutional_article","Article 26: Freedom to Manage Religious Affairs","Art. 26, Constitution of India","Constituent Assembly of India","Constituent Assembly Drafting Committee (Dr. B.R. Ambedkar)","1950","Article 26","Article 25, Article 27, Article 28","Religious denominations, institutional religious freedom, management of affairs in religion, movable and immovable property, Shirur Mutt test","https://indiankanoon.org/doc/1857950/","LANDMARK PRINCIPLE: Collective Freedom of Religious Denominations to Manage Institutional Affairs.

CONSTITUTIONAL PROVISION:
Subject to public order, morality and health, every religious denomination or any section thereof shall have the right:
(a) to establish and maintain institutions for religious and charitable purposes;
(b) to manage its own affairs in matters of religion;
(c) to own and acquire movable and immovable property; and
(d) to administer such property in accordance with law.

LEGAL ANALYSIS:
While Article 25 protects individual religious conscience, Article 26 protects collective institutional autonomy of religious denominations. To claim the status of a 'religious denomination' under the Shirur Mutt test, a group must satisfy three conditions: (1) collection of individuals with a common system of beliefs; (2) common organization; and (3) designated by a distinctive name. Unlike Article 25, Article 26 is NOT expressly made subject to other provisions of Part III, but is strictly subject to public order, morality, and health. While administration of property can be regulated by state law (clause d), matters of religion remain autonomous (clause b)."
"art_029","constitutional_article","Article 29: Protection of Interests of Minorities","Art. 29, Constitution of India","Constituent Assembly of India","Constituent Assembly Drafting Committee (Dr. B.R. Ambedkar)","1950","Article 29","Article 14, Article 15, Article 30","Cultural and educational rights, distinct language, script or culture, non-discrimination in state-aided educational institutions","https://indiankanoon.org/doc/626504/","LANDMARK PRINCIPLE: Protection of Distinct Culture, Language, and Non-Discrimination in Education.

CONSTITUTIONAL PROVISION:
29(1) Any section of the citizens residing in the territory of India or any part thereof having a distinct language, script or culture of its own shall have the right to conserve the same.
29(2) No citizen shall be denied admission into any educational institution maintained by the State or receiving aid out of State funds on grounds only of religion, race, caste, language or any of them.

LEGAL ANALYSIS:
Article 29(1) confers a right on 'any section of citizens' (which can include linguistic minorities or majorities) to conserve their language, script, or culture. Article 29(2) is an individual right of every citizen against discrimination in State or State-aided educational institutions. In State of Bombay v. Bombay Education Society (1954), the Supreme Court ruled that an order prohibiting admission of students whose mother tongue was not English into English-medium schools violated Article 29(2)."
"art_030","constitutional_article","Article 30: Right of Minorities to Establish and Administer Educational Institutions","Art. 30, Constitution of India","Constituent Assembly of India","Constituent Assembly Drafting Committee (Dr. B.R. Ambedkar)","1950","Article 30","Article 14, Article 19(1)(g), Article 29","Minority educational institutions, religious minorities, linguistic minorities, administrative autonomy, state aid, TMA Pai, PA Inamdar","https://indiankanoon.org/doc/1983234/","LANDMARK PRINCIPLE: Fundamental Charter of Educational Autonomy for Religious and Linguistic Minorities.

CONSTITUTIONAL PROVISION:
30(1) All minorities, whether based on religion or language, shall have the right to establish and administer educational institutions of their choice.
30(1A) Mandatory compensation in case of compulsory acquisition of minority institutional property to ensure right is not abrogated (44th Amendment).
30(2) The State shall not, in granting aid to educational institutions, discriminate against any educational institution on the ground that it is under the management of a minority, whether based on religion or language.

LEGAL ANALYSIS:
Article 30(1) grants religious and linguistic minorities the fundamental right to establish and administer educational institutions. In T.M.A. Pai Foundation (2002) and P.A. Inamdar (2005), an 11-Judge and 7-Judge Bench clarified: (1) Minority status is determined State-wise, not nationally; (2) The right to administer is not a right to maladminister; the State can enforce regulatory standards of academic excellence, national security, and employee welfare; (3) Unaided minority institutions enjoy total autonomy over admissions and fee structure, subject to prohibition of capitation fees and transparent merit-based selection; and (4) State aid cannot be used to extinguish minority character."
"art_032","constitutional_article","Article 32: Remedies for Enforcement of Fundamental Rights (Constitutional Writs)","Art. 32, Constitution of India","Constituent Assembly of India","Constituent Assembly Drafting Committee (Dr. B.R. Ambedkar)","1950","Article 32","Article 13, Article 21, Article 226","Constitutional Remedies, Writs, Habeas Corpus, Mandamus, Prohibition, Quo Warranto, Certiorari, Public Interest Litigation (PIL), Locus Standi, Basic Structure","https://indiankanoon.org/doc/981147/","LANDMARK PRINCIPLE: The 'Heart and Soul of the Constitution' and Bulwark of Fundamental Rights.

CONSTITUTIONAL PROVISION:
32(1) The right to move the Supreme Court by appropriate proceedings for the enforcement of the rights conferred by this Part is guaranteed.
32(2) The Supreme Court shall have power to issue directions or orders or writs, including writs in the nature of habeas corpus, mandamus, prohibition, quo warranto and certiorari, whichever may be appropriate, for the enforcement of any of the rights conferred by this Part.
32(3) Parliamentary power to empower other courts.
32(4) The right guaranteed by this article shall not be suspended except as otherwise provided for by this Constitution.

LEGAL ANALYSIS AND WRIT JURISDICTION:
Dr. B.R. Ambedkar described Article 32 as the single most important article without which the Constitution would be a nullity. Unlike ordinary appeal jurisdiction, the right to approach the Supreme Court under Article 32 is itself a Fundamental Right, making the Supreme Court the 'guarantor and protector of fundamental rights' (Romesh Thappar). The Supreme Court exercises plenary writ powers:
• Habeas Corpus: To release persons illegally detained;
• Mandamus: To command public officials or bodies to perform mandatory legal duties;
• Certiorari & Prohibition: To quash or restrain orders of inferior tribunals acting without jurisdiction or violating natural justice;
• Quo Warranto: To challenge unlawful usurpation of substantive public offices.
In Bandhua Mukti Morcha and S.P. Gupta, the court liberalized the rule of locus standi, giving birth to Public Interest Litigation (PIL) to enable disadvantaged citizens to access justice. In L. Chandra Kumar (1997), Article 32 was declared an unalterable facet of the Basic Structure."
"art_051a","constitutional_article","Article 51A: Fundamental Duties","Art. 51A, Constitution of India","Parliament of India (42nd & 86th Amendments)","Swaran Singh Committee Recommendations","1976","Article 51A","Part IVA, Article 19, Article 21, Article 48A","Fundamental duties, civic obligations, national symbols, scientific temper, environment protection, education duty","https://indiankanoon.org/doc/1406941/","LANDMARK PRINCIPLE: Moral and Civic Duties of Indian Citizens to the Republic.

CONSTITUTIONAL PROVISION:
It shall be the duty of every citizen of India:
(a) to abide by the Constitution and respect its ideals and institutions, the National Flag and the National Anthem;
(b) to cherish and follow the noble ideals of the national struggle for freedom;
(c) to uphold and protect the sovereignty, unity and integrity of India;
(d) to defend the country and render national service when called upon;
(e) to promote harmony and the spirit of common brotherhood amongst all people of India transcending religious, linguistic and regional diversities; to renounce practices derogatory to the dignity of women;
(f) to value and preserve the rich heritage of our composite culture;
(g) to protect and improve the natural environment including forests, lakes, rivers and wild life, and to have compassion for living creatures;
(h) to develop scientific temper, humanism and the spirit of inquiry and reform;
(i) to safeguard public property and to abjure violence;
(j) to strive towards excellence in all spheres of individual and collective activity;
(k) who is a parent or guardian to provide opportunities for education to his child between six and fourteen years (added by 86th Amendment, 2002).

LEGAL ANALYSIS:
Inserted by the 42nd Amendment (1976) based on the Swaran Singh Committee report, Fundamental Duties are non-justiciable per se, but serve as vital interpretative tools for courts. In AIIMS Students' Union v. AIIMS (2002), the Supreme Court ruled that fundamental duties cannot be overlooked and must be read alongside fundamental rights to assess the reasonableness of legislative restrictions under Articles 19 and 14."
"art_141","constitutional_article","Article 141: Law Declared by Supreme Court to be Binding on All Courts","Art. 141, Constitution of India","Constituent Assembly of India","Constituent Assembly Drafting Committee (Dr. B.R. Ambedkar)","1950","Article 141","Article 142, Article 144, Article 136","Doctrine of Precedent, Stare Decisis, Ratio Decidendi, Obiter Dicta, Prospective Overruling, Binding nature of Supreme Court judgments","https://indiankanoon.org/doc/1574488/","LANDMARK PRINCIPLE: Constitutional Inscription of Stare Decisis and Judicial Precedent.

CONSTITUTIONAL PROVISION:
The law declared by the Supreme Court shall be binding on all courts within the territory of India.

LEGAL ANALYSIS AND DOCTRINAL PRINCIPLES:
Article 141 establishes the constitutional doctrine of binding precedent across the Indian judicial hierarchy. Key constitutional rules include:
1. Scope of 'Law Declared': What binds under Article 141 is the ratio decidendi—the underlying legal principle upon which the controversy is decided. Obiter dicta (incidental remarks) of the Supreme Court carry enormous persuasive weight, but are strictly not binding precedents.
2. 'All Courts' Excludes the Supreme Court Itself: In Bengal Immunity Co. Ltd. v. State of Bihar (1955), the Supreme Court ruled that it is not bound by its own previous decisions and may depart from or overrule earlier rulings when convinced they are erroneous or harmful to public interest.
3. Doctrine of Prospective Overruling: Established in I.C. Golaknath (1967), the Supreme Court possesses the jurisdiction to declare that an overruling judgment will operate purely prospectively, preserving the validity of past transactions while governing future legal actions."
"art_142","constitutional_article","Article 142: Enforcement of Decrees, Orders, and Plenary Power for Complete Justice","Art. 142, Constitution of India","Constituent Assembly of India","Constituent Assembly Drafting Committee (Dr. B.R. Ambedkar)","1950","Article 142","Article 32, Article 136, Article 141, Article 144","Plenary power, complete justice, inherent jurisdiction, judicial lawmaking, Vishaka guidelines, Bhopal gas tragedy, Ayodhya dispute","https://indiankanoon.org/doc/1506509/","LANDMARK PRINCIPLE: Plenary Constitutional Power of the Supreme Court to Do Complete Justice.

CONSTITUTIONAL PROVISION:
142(1) The Supreme Court in the exercise of its jurisdiction may pass such decree or make such order as is necessary for doing complete justice in any cause or matter pending before it, and any decree so passed or order so made shall be enforceable throughout the territory of India in such manner as may be prescribed by or under any law made by Parliament.
142(2) Power to secure attendance of persons, discovery of documents, or punishment for contempt.

LEGAL ANALYSIS AND LIMITS OF PLENARY POWER:
Article 142 confers extraordinary, curative powers on the Supreme Court to ensure that procedural technicalities or legislative vacuums do not prevent justice from being done. In Union Carbide Corporation v. Union of India (1991), the court held that its power under Article 142 is not bounded by statutory law, provided it does not contravene express constitutional prohibitions. In Vishaka v. State of Rajasthan (1997), the court invoked Article 142 read with Article 32 to formulate binding workplace sexual harassment guidelines in the absence of enacted legislation. In Supreme Court Bar Association v. Union of India (1998), the court clarified the limits: Article 142 is a corrective power that cannot be used to subvert express statutory provisions or punish for contempt by suspending an advocate's statutory license."
"art_226","constitutional_article","Article 226: Power of High Courts to Issue Certain Writs","Art. 226, Constitution of India","Constituent Assembly of India","Constituent Assembly Drafting Committee (Dr. B.R. Ambedkar)","1950","Article 226","Article 32, Article 227","High Court writ jurisdiction, Fundamental Rights, Any other purpose, Habeas Corpus, Mandamus, Certiorari, Prohibition, Quo Warranto, Alternative remedy, Territorial jurisdiction","https://indiankanoon.org/doc/1712542/","LANDMARK PRINCIPLE: Plenary Writ Jurisdiction of High Courts for Fundamental Rights and Legal Rights.

CONSTITUTIONAL PROVISION:
226(1) Notwithstanding anything in article 32, every High Court shall have power, throughout the territories in relation to which it exercises jurisdiction, to issue to any person or authority, including in appropriate cases, any Government, directions, orders or writs, including writs in the nature of habeas corpus, mandamus, prohibition, quo warranto and certiorari, for the enforcement of any of the rights conferred by Part III and for any other purpose.
226(2) Territorial jurisdiction based on cause of action arising wholly or in part within the territory.

LEGAL ANALYSIS:
The writ jurisdiction of High Courts under Article 226 is significantly broader in scope than the Supreme Court's Article 32 jurisdiction. While Article 32 can be invoked ONLY for the enforcement of Part III Fundamental Rights, Article 226 can be invoked for fundamental rights AND 'for any other purpose'—which includes enforcement of non-fundamental legal rights, statutory duties, and constitutional principles. However, while Article 32 is itself a guaranteed fundamental right, remedy under Article 226 is discretionary. High Courts typically decline to exercise writ jurisdiction where an effective and adequate alternative statutory remedy exists, except where fundamental rights are violated, natural justice is breached, or proceedings are completely without jurisdiction (Whirlpool Corporation v. Registrar of Trade Marks)."
"art_300a","constitutional_article","Article 300A: Persons Not to be Deprived of Property Save by Authority of Law","Art. 300A, Constitution of India","Parliament of India (44th Constitutional Amendment Act, 1978)","Enacted by Parliament of India","1978","Article 300A","Part XII, Article 19(1)(f) (repealed), Article 31 (repealed), Article 21","Right to property, constitutional right, human right, eminent domain, authority of law, just compensation","https://indiankanoon.org/doc/1359146/","LANDMARK PRINCIPLE: Constitutional Right Against Arbitrary Deprivation of Property.

CONSTITUTIONAL PROVISION:
No person shall be deprived of his property save by authority of law.

LEGAL ANALYSIS:
By the 44th Constitutional Amendment (1978), the Right to Property was deleted from the Fundamental Rights chapter (repealing Articles 19(1)(f) and 31) and re-inserted as Article 300A under Part XII as a constitutional right. Though no longer a Part III fundamental right (and hence cannot be enforced directly via Article 32 without alleging another fundamental right breach), the Supreme Court in K.T. Plantation Pvt. Ltd. v. State of Karnataka (2011) and Vidya Devi v. State of Himachal Pradesh (2020) held that the right to property under Article 300A is a valuable constitutional right and a recognized human right. The State cannot dispossess a citizen of their property without (a) valid statutory authority; (b) a legitimate public purpose; and (c) fair and just compensation."
"art_352","constitutional_article","Article 352: Proclamation of Emergency","Art. 352, Constitution of India","Constituent Assembly of India / 44th Amendment","Constituent Assembly / Parliament of India","1950","Article 352","Article 19, Article 20, Article 21, Article 358, Article 359","National emergency, war, external aggression, armed rebellion, cabinet written advice, parliamentary approval, non-suspension of Articles 20 and 21","https://indiankanoon.org/doc/1018568/","LANDMARK PRINCIPLE: Constitutional Framework and Strict Safeguards for Proclamation of National Emergency.

CONSTITUTIONAL PROVISION:
352(1) If the President is satisfied that a grave emergency exists whereby the security of India or of any part of the territory thereof is threatened, whether by war or external aggression or armed rebellion, he may, by Proclamation, make a declaration to that effect.
352(2) Proclamation may be varied or revoked by a subsequent Proclamation.
352(3) President shall not issue a Proclamation unless the decision of the Union Cabinet (Prime Minister and other Ministers of Cabinet rank) has been communicated to him in writing.
352(4) Must be approved by both Houses of Parliament within one month by special majority (majority of total membership and not less than 2/3 of members present and voting).

LEGAL ANALYSIS:
Substantially revised by the 44th Constitutional Amendment (1978) to eliminate abuses witnessed during the 1975 internal emergency: (1) The vague ground 'internal disturbance' was replaced with 'armed rebellion'; (2) Written recommendation from the entire Union Cabinet was made mandatory; (3) Parliamentary approval window was reduced from 2 months to 1 month with special majority; and (4) Articles 20 and 21 were rendered permanently non-suspendable during emergencies under Article 359."
"art_356","constitutional_article","Article 356: Provisions in Case of Failure of Constitutional Machinery in States (President's Rule)","Art. 356, Constitution of India","Constituent Assembly of India","Constituent Assembly Drafting Committee (Dr. B.R. Ambedkar)","1950","Article 356","Article 355, Article 357, Article 74","President's Rule, State emergency, breakdown of constitutional machinery, Governor's report, federalism, basic structure, judicial review, floor test","https://indiankanoon.org/doc/1454522/","LANDMARK PRINCIPLE: Judicial Review over Imposition of President's Rule and Protection of Federalism.

CONSTITUTIONAL PROVISION:
356(1) If the President, on receipt of report from the Governor of a State or otherwise, is satisfied that a situation has arisen in which the government of the State cannot be carried on in accordance with the provisions of this Constitution, the President may by Proclamation:
(a) assume to himself all or any of the functions of the Government of the State and all or any of the powers vested in or exercisable by the Governor;
(b) declare that the powers of the Legislature of the State shall be exercisable by or under the authority of Parliament.

LEGAL ANALYSIS:
Historically misused to dismiss democratically elected opposition State governments, Article 356 was subjected to strict constitutional discipline in S.R. Bommai v. Union of India (1994). A 9-Judge Constitution Bench held that: (1) Federalism is part of the Basic Structure; (2) The President's satisfaction under Article 356 is subject to judicial review to examine if it is based on malafide, extraneous, or irrelevant grounds; (3) The State Legislative Assembly cannot be dissolved until both Houses of Parliament approve the Proclamation; and (4) The floor of the Assembly is the sole constitutional forum to test a ministry's majority, not the subjective opinion of the Governor."
"art_368","constitutional_article","Article 368: Power of Parliament to Amend the Constitution and Procedure Therefor","Art. 368, Constitution of India","Constituent Assembly of India","Constituent Assembly Drafting Committee (Dr. B.R. Ambedkar)","1950","Article 368","Article 13, Article 14, Article 19, Article 21, Article 32","Constitutional Amendment, Constituent Power, Basic Structure Doctrine, Judicial Review, Special Majority, Federal Ratification","https://indiankanoon.org/doc/594125/","LANDMARK PRINCIPLE: Constituent Amending Power of Parliament Bound by the Basic Structure Doctrine.

CONSTITUTIONAL PROVISION:
368(1) Notwithstanding anything in this Constitution, Parliament may in exercise of its constituent power amend by way of addition, variation or repeal any provision of this Constitution in accordance with the procedure laid down in this article.
368(2) Bill must be passed in each House by a majority of total membership and a majority of not less than two-thirds of members present and voting; amendments affecting federal provisions require ratification by legislatures of not less than half the States.
368(4)-(5) Clauses inserted by 42nd Amendment seeking to exclude judicial review (struck down in Minerva Mills).

LEGAL ANALYSIS AND THE BASIC STRUCTURE BATTLE:
Article 368 contains the constituent power to amend the Constitution. The legal scope of this power represents the greatest constitutional struggle in Indian legal history:
1. Shankari Prasad (1951) & Sajjan Singh (1965): Held amending power was unlimited and could amend Fundamental Rights.
2. Golaknath (1967): 11-Judge Bench held Parliament had no power to abridge Fundamental Rights under Article 368.
3. Kesavananda Bharati (1973): 13-Judge Bench overruled Golaknath, holding that while Parliament can amend any provision including Part III, it cannot alter, damage, or destroy the 'Basic Structure' of the Constitution.
4. Minerva Mills (1980): The Supreme Court struck down Clauses (4) and (5) of Article 368 which claimed unlimited amending power, affirming that a limited amending power is itself a basic feature of the Constitution."
"case_001","landmark_case","A.K. Gopalan v. State of Madras","AIR 1950 SC 27","Supreme Court of India","6-Judge Constitution Bench (Kania CJ, Fazal Ali, Patanjali Sastri, Mahajan, Mukherjea, Das)","1950","Article 21","Article 19, Article 22","Preventive detention, procedure established by law, formalist interpretation, mutual exclusivity of fundamental rights","https://indiankanoon.org/doc/1857950/","LANDMARK PRINCIPLE: Early formalist doctrine holding that Fundamental Rights are mutually exclusive 'silos' and 'procedure established by law' means any enacted statutory procedure.

FACTS: Communist leader A.K. Gopalan was detained under Section 3(1) of the Preventive Detention Act, 1950. He challenged the detention petitioning under Article 32, asserting that detention without trial violated his personal liberty under Article 21 and freedoms under Article 19(1)(d).

ISSUE: Whether the Preventive Detention Act violated Articles 19 and 21, and whether 'procedure established by law' in Article 21 implies the American doctrine of substantive 'due process of law'.

RELEVANT PROVISIONS: Article 19(1)(d), Article 21, Article 22, Preventive Detention Act 1950.

RATIO DECIDENDI: The majority held that Articles 19 and 21 are mutually exclusive compartments. Article 19 applies only to free citizens, whereas Article 21 applies when personal liberty is taken away entirely. The court rejected the incorporation of American substantive 'due process', holding that 'procedure established by law' refers strictly to state-made enacted statutory law. Justice Fazal Ali dissented, anticipating the modern view that procedure must be fair and reasonable.

FINAL HOLDING: Preventive Detention Act upheld (save Section 14). Strict literalist interpretation adopted (later overruled in R.C. Cooper and Maneka Gandhi)."
"case_002","landmark_case","Maneka Gandhi v. Union of India","AIR 1978 SC 597","Supreme Court of India","7-Judge Constitution Bench (Beg CJ, Chandrachud, Bhagwati, Krishna Iyer, Untwalia, Murtaza Fazal Ali, Kailasam)","1978","Article 21","Article 14, Article 19","Right to travel abroad, substantive due process, procedure established by law, golden triangle, post-decisional hearing, natural justice","https://indiankanoon.org/doc/1766147/","LANDMARK PRINCIPLE: Established substantive due process in India; ruled that 'procedure established by law' under Article 21 must be just, fair, and reasonable, and established the Golden Triangle of Articles 14, 19, and 21.

FACTS: The Regional Passport Office, New Delhi impounded Maneka Gandhi's passport under Section 10(3)(c) of the Passports Act, 1967 'in public interest' without furnishing reasons or providing a pre-decisional hearing.

ISSUE: Whether impounding a passport without giving reasons or opportunity of hearing violates fundamental rights under Articles 14, 19(1)(a)/(g), and 21.

RELEVANT PROVISIONS: Article 14, Article 19(1)(a)/(d), Article 21, Passports Act 1967 Section 10(3)(c).

RATIO DECIDENDI: Overruling Gopalan, the 7-Judge Bench held that Part III rights do not exist in watertight silos but form an interconnected 'Golden Triangle' (Articles 14, 19, and 21). Any law depriving personal liberty must satisfy not only Article 21, but also the non-arbitrariness test of Article 14 and reasonableness tests of Article 19. The phrase 'procedure established by law' cannot be an arbitrary or oppressive statutory procedure; it must be 'just, fair, and reasonable', thereby introducing substantive due process into Indian constitutional law.

FINAL HOLDING: Right to travel abroad is an integral component of personal liberty under Article 21. Natural justice (audi alteram partem) is mandatory; post-decisional hearing accepted in this specific case."
"case_003","landmark_case","Justice K.S. Puttaswamy (Retd.) v. Union of India","(2017) 10 SCC 1","Supreme Court of India","9-Judge Constitution Bench (Khehar CJ, Chelameswar, Bobde, Chandrachud, Nariman, Kaul, Nazeer, Sapre, Agrawal)","2017","Article 21","Article 14, Article 19, Part III","Right to Privacy, informational privacy, bodily autonomy, spatial privacy, proportionality standard, overruling MP Sharma and Kharak Singh","https://indiankanoon.org/doc/127517806/","LANDMARK PRINCIPLE: Unanimously held that the Right to Privacy is a fundamental right emanating intrinsically from Article 21, life, dignity, and Part III liberties.

FACTS: Retired High Court Judge K.S. Puttaswamy challenged the constitutional validity of the Union Government's Aadhaar biometric identification scheme, arguing that mandatory collection of fingerprints and iris scans violated the fundamental right to privacy.

ISSUE: Whether privacy is a fundamental right guaranteed under Part III of the Constitution, and whether earlier larger bench rulings in M.P. Sharma (1954, 8 Judges) and Kharak Singh (1963, 6 Judges) correctly held that privacy is not a fundamental right.

RELEVANT PROVISIONS: Article 14, Article 19, Article 21, Part III.

RATIO DECIDENDI: All 9 judges unanimously declared privacy to be a fundamental right intrinsic to life, personal liberty, and human dignity under Article 21, permeating Part III. Privacy encompasses informational privacy, bodily privacy, and decisional autonomy. The court expressly overruled M.P. Sharma and Kharak Singh to the extent they denied privacy as a fundamental right, and explicitly overruled the majority in ADM Jabalpur (1976). Any state intrusion on privacy must satisfy the strict three-fold proportionality test: (1) Legality (backed by valid law); (2) Legitimate state aim; and (3) Proportionality (least restrictive means).

FINAL HOLDING: Right to Privacy affirmed as a fundamental right under Article 21."
"case_004","landmark_case","Kesavananda Bharati v. State of Kerala","(1973) 4 SCC 225","Supreme Court of India","13-Judge Constitution Bench (Sikri CJ, Shelat, Hegde, Grover, Ray, Reddy, Palekar, Khanna, Mathew, Beg, Dwivedi, Mukherjea, Chandrachud)","1973","Article 368","Article 13, Article 14, Article 19, Article 31, Preamble","Basic Structure Doctrine, constituent power, constitutional amendments, limits on amending power, judicial review","https://indiankanoon.org/doc/257876/","LANDMARK PRINCIPLE: Formulated the Basic Structure Doctrine; held that Parliament's constituent power to amend the Constitution under Article 368 does not extend to altering or destroying its basic features.

FACTS: His Holiness Kesavananda Bharati, head of Edneer Mutt, challenged the Kerala Land Reforms Act and the 24th, 25th, and 29th Constitutional Amendments, which sought to bypass judicial review of property acquisition.

ISSUE: What is the extent of Parliament's power to amend the Constitution under Article 368, and whether Parliament can abrogate Fundamental Rights.

RELEVANT PROVISIONS: Article 13, Article 31C, Article 368, 24th, 25th, 29th Amendments.

RATIO DECIDENDI: By a historic 7-6 majority, the 13-Judge Bench overruled Golaknath and held that Parliament has wide constituent powers under Article 368 to amend any provision of the Constitution, including Fundamental Rights. However, this power is not unlimited; Parliament cannot alter the 'Basic Structure' or essential constitutional framework. Basic features include supremacy of the Constitution, republican and democratic form of government, secularism, separation of powers, federalism, judicial review, and the rule of law.

FINAL HOLDING: 24th Amendment upheld; second part of Article 31C (barring judicial review) struck down as unconstitutional. Basic Structure doctrine established as the supreme judicial safeguard."
"case_005","landmark_case","Minerva Mills Ltd. v. Union of India","(1980) 3 SCC 625","Supreme Court of India","5-Judge Constitution Bench (Chandrachud CJ, Gupta, Untwalia, Kailasam, Bhagwati)","1980","Article 368","Article 13, Article 14, Article 19, Article 31C","Basic structure, limited amending power, judicial review, harmony between fundamental rights and directive principles","https://indiankanoon.org/doc/1939993/","LANDMARK PRINCIPLE: Held that limited amending power under Article 368 and judicial review are themselves basic features; Fundamental Rights and Directive Principles must exist in harmonious balance.

FACTS: Minerva Mills, a textile undertaking nationalized under the Sick Textile Undertakings Act 1974, challenged Sections 4 and 55 of the 42nd Constitutional Amendment Act, 1976.

ISSUE: Whether Parliament can expand its amending power under Article 368 into an absolute, unlimited power immune from judicial review.

RELEVANT PROVISIONS: Article 368(4), Article 368(5), Article 31C, Article 14, Article 19.

RATIO DECIDENDI: The Supreme Court struck down Clauses (4) and (5) of Article 368. Chief Justice Y.V. Chandrachud observed that a limited amending power is one of the basic features of our Constitution and therefore the limitations on that power cannot be destroyed. Parliament cannot convert a limited power into an unlimited one. The court also struck down the unamended portion of Article 31C that gave absolute primacy to all DPSPs over Articles 14 and 19, observing that Fundamental Rights and Directive Principles are like two wheels of a chariot.

FINAL HOLDING: Sections 4 and 55 of the 42nd Amendment declared unconstitutional. Basic Structure doctrine vigorously reaffirmed."
"case_006","landmark_case","E.P. Royappa v. State of Tamil Nadu","(1974) 4 SCC 3","Supreme Court of India","5-Judge Constitution Bench (Ray CJ, Palekar, Chandrachud, Bhagwati, Krishna Iyer)","1974","Article 14","Article 16","New doctrine of equality, anti-arbitrariness, rule of law, administrative discretion, civil services","https://indiankanoon.org/doc/1331149/","LANDMARK PRINCIPLE: Formulated the new dynamic doctrine of equality, establishing that equality is antithetical to arbitrariness under Article 14.

FACTS: E.P. Royappa, Chief Secretary of Tamil Nadu, was transferred to newly created non-cadre posts (Officer on Special Duty). He challenged the transfer alleging malafide action by Chief Minister M. Karunanidhi and violation of Articles 14 and 16.

ISSUE: Whether arbitrary executive transfer violates Articles 14 and 16, and what constitutes the conceptual scope of equality.

RELEVANT PROVISIONS: Article 14, Article 16.

RATIO DECIDENDI: Justice P.N. Bhagwati propounded the transformative 'anti-arbitrariness' doctrine of equality: 'Equality is a dynamic concept with many aspects and dimensions and it cannot be 'cribbed, cabined and confined' within traditional and doctrinaire limits. From a positivistic point of view, equality is antithetical to arbitrariness. In fact equality and arbitrariness are sworn enemies; one belongs to the rule of law in a republic while the other, to the whim and caprice of an absolute monarch.' Where an act is arbitrary, it implicitly breaches equality.

FINAL HOLDING: Transfer was upheld on facts, but the groundbreaking anti-arbitrariness doctrine became the bedrock of modern Article 14 jurisprudence."
"case_007","landmark_case","Indra Sawhney v. Union of India (Mandal Case)","AIR 1993 SC 477","Supreme Court of India","9-Judge Constitution Bench (Kania CJ, Venkatachaliah, Ahmadi, Shetty, Verma, Sawant, Ramaswamy, Thommen, Sahai)","1992","Article 16","Article 14, Article 15, Article 340, Article 335","OBC reservation, Mandal Commission, creamy layer exclusion, 50% ceiling limit, promotions, backwardness criteria","https://indiankanoon.org/doc/1363234/","LANDMARK PRINCIPLE: Upheld 27% reservation for Other Backward Classes (OBCs) subject to creamy layer exclusion and strict 50% reservation ceiling limit.

FACTS: The V.P. Singh government implemented the Mandal Commission recommendations, reserving 27% of public service posts for Socially and Educationally Backward Classes (OBCs). Prime Minister P.V. Narasimha Rao later added a 10% economic quota for poorer upper castes.

ISSUE: Constitutional validity of 27% OBC reservation under Article 16(4), definition of backward classes, creamy layer exclusion, and 50% limit.

RELEVANT PROVISIONS: Article 16(1), Article 16(4), Article 15(4), Article 340, Article 335.

RATIO DECIDENDI: The 9-Judge Bench held that: (1) Article 16(4) is an emphatic restatement of equality, not an exception to Article 16(1); (2) Caste can be an acceptable starting metric to identify backward classes, provided social and educational backwardness is established; (3) The 'creamy layer' (socially and economically advanced members) must be excluded from OBC reservations; (4) Total reservations under Article 16(4) must not exceed 50% except in extraordinary regional circumstances; (5) Article 16(4) applies only to initial appointments, not promotions; and (6) The 10% economic criteria quota without backwardness was invalid.

FINAL HOLDING: 27% OBC reservation upheld subject to creamy layer exclusion and 50% cap."
"case_008","landmark_case","Shayara Bano v. Union of India","(2017) 9 SCC 1","Supreme Court of India","5-Judge Constitution Bench (Khehar CJ, Kurian Joseph, Nariman, U.U. Lalit, Abdul Nazeer)","2017","Article 14","Article 15, Article 21, Article 25","Triple Talaq, Talaq-e-biddat, manifest arbitrariness, Muslim Personal Law (Shariat) Application Act 1937, gender justice, essential religious practice","https://indiankanoon.org/doc/115701246/","LANDMARK PRINCIPLE: Declared instantaneous Triple Talaq (Talaq-e-biddat) unconstitutional under the doctrine of 'Manifest Arbitrariness' under Article 14.

FACTS: Shayara Bano was divorced by her husband through instantaneous triple talaq (talaq-e-biddat). She filed a writ petition under Article 32 challenging the constitutional validity of triple talaq, polygamy, and nikah halala.

ISSUE: Whether instantaneous Triple Talaq is protected under Article 25 as an essential religious practice, and whether it violates Articles 14, 15, and 21.

RELEVANT PROVISIONS: Article 14, Article 15, Article 21, Article 25, Muslim Personal Law (Shariat) Application Act, 1937 Section 2.

RATIO DECIDENDI: By a 3-2 majority, the Constitution Bench set aside talaq-e-biddat. Justice Nariman and Justice Lalit held that triple talaq is recognized by the 1937 Shariat Act, making it 'law' within the meaning of Article 13. They established the doctrine of 'Manifest Arbitrariness' under Article 14: statutory provisions or customs that are capricious, irrational, or devoid of determining principle violate Article 14. Because triple talaq allows a husband to arbitrarily terminate marriage without reconciliation, it is manifestly arbitrary. Justice Kurian Joseph concurred on the ground that what is bad in theology (Quran) cannot be good in law.

FINAL HOLDING: Practice of Talaq-e-biddat declared unconstitutional, void, and illegal."
"case_009","landmark_case","Navtej Singh Johar v. Union of India","(2018) 10 SCC 1","Supreme Court of India","5-Judge Constitution Bench (Misra CJ, Khanwilkar, Chandrachud, Nariman, Malhotra)","2018","Article 21","Article 14, Article 15, Article 19(1)(a)","Decriminalization of Section 377 IPC, LGBTQ+ rights, constitutional morality, bodily autonomy, sexual orientation, non-discrimination","https://indiankanoon.org/doc/1199182/","LANDMARK PRINCIPLE: Decriminalized consensual homosexual acts between adults; held that sexual orientation is an intrinsic component of Article 21 privacy and Article 14 equality.

FACTS: Members of the LGBTQ+ community, including dancer Navtej Singh Johar, challenged the constitutionality of Section 377 of the Indian Penal Code, which criminalized 'carnal intercourse against the order of nature'.

ISSUE: Whether Section 377 IPC violates fundamental rights of LGBTQ+ individuals under Articles 14, 15, 19, and 21, and whether Suresh Koushal (2014) was wrongly decided.

RELEVANT PROVISIONS: Article 14, Article 15(1), Article 19(1)(a), Article 21, Section 377 IPC.

RATIO DECIDENDI: The 5-Judge Constitution Bench unanimously struck down Section 377 IPC insofar as it criminalizes consensual sexual conduct between adults of the same sex. Chief Justice Dipak Misra and Justice Chandrachud propounded the doctrine of 'Constitutional Morality' over majoritarian social morality. Sexual orientation is a core natural attribute of identity, personal liberty, and human dignity protected by Article 21. Discrimination based on sexual orientation is sex discrimination under Article 15(1). Suresh Koushal was expressly overruled.

FINAL HOLDING: Section 377 declared unconstitutional regarding consensual adult relationships. Historical apology tendered to the LGBTQ+ community."
"case_010","landmark_case","Shreya Singhal v. Union of India","(2015) 5 SCC 1","Supreme Court of India","2-Judge Bench (Chelameswar, Nariman)","2015","Article 19","Article 14, Article 21","Freedom of speech online, Section 66A Information Technology Act, vagueness, chilling effect, discussion vs advocacy vs incitement","https://indiankanoon.org/doc/110813550/","LANDMARK PRINCIPLE: Struck down Section 66A of the Information Technology Act for overbreadth, vagueness, and chilling free speech online under Article 19(1)(a).

FACTS: Two young women were arrested under Section 66A of the IT Act for posting and liking comments on Facebook questioning the total shutdown of Mumbai following the death of a political leader. Law student Shreya Singhal challenged Section 66A via PIL.

ISSUE: Whether Section 66A of the IT Act violates freedom of speech and expression under Article 19(1)(a) and does not qualify as a reasonable restriction under Article 19(2).

RELEVANT PROVISIONS: Article 19(1)(a), Article 19(2), Section 66A IT Act 2000.

RATIO DECIDENDI: Justice Rohinton Nariman drew a critical constitutional distinction between three concepts: (1) Discussion, (2) Advocacy, and (3) Incitement. Mere discussion or advocacy of an unpopular cause cannot be criminalized under Article 19(2); speech can only be restricted when it reaches the threshold of incitement to violence or public disorder. Section 66A was unconstitutionally vague and overbroad because terms like 'annoyance', 'inconvenience', and 'grossly offensive' lacked objective statutory definition, creating a severe chilling effect on speech.

FINAL HOLDING: Section 66A of the IT Act struck down in its entirety as unconstitutional and void."
"case_011","landmark_case","Siddharam Satlingappa Mhetre v. State of Maharashtra","(2011) 1 SCC 694","Supreme Court of India","2-Judge Bench (Dalveer Bhandari, K.S. Radhakrishnan)","2011","Article 21","Article 19, Section 438 CrPC","Anticipatory bail, personal liberty, Section 438 CrPC, arrest safeguards, presumption of innocence","https://indiankanoon.org/doc/1305417/","LANDMARK PRINCIPLE: Ruled that anticipatory bail under Section 438 CrPC is a direct derivative of personal liberty under Article 21 and cannot be arbitrarily curtailed by rigid time limits.

FACTS: Appellant Siddharam Mhetre was implicated in a politically motivated FIR under Section 302 IPC. The High Court rejected his anticipatory bail application.

ISSUE: Scope and ambit of anticipatory bail under Section 438 CrPC, whether courts can impose artificial time limits on pre-arrest bail, and its relationship with Article 21.

RELEVANT PROVISIONS: Article 21, Section 438 Code of Criminal Procedure 1973.

RATIO DECIDENDI: The Supreme Court held that the right to anticipatory bail is intrinsically linked to the sanctity of personal liberty guaranteed under Article 21. Arbitrary arrests cause irreparable humiliation and reputational damage. The court held that Section 438 must be interpreted expansively to protect citizens against unjustified harassment. Imposing artificial expiry dates or restricting bail until the filing of the chargesheet contradicts the legislative intent of Section 438.

FINAL HOLDING: Anticipatory bail should ordinarily continue until the conclusion of trial unless exceptional circumstances warrant cancellation."
"case_012","landmark_case","D.K. Basu v. State of West Bengal","(1997) 1 SCC 416","Supreme Court of India","2-Judge Bench (Kuldip Singh, A.S. Anand)","1997","Article 21","Article 22, Article 32","Custodial violence, torture, arrest guidelines, memo of arrest, right to medical examination, right to inform next of kin","https://indiankanoon.org/doc/501107/","LANDMARK PRINCIPLE: Formulated 11 mandatory guidelines governing arrest and detention to eradicate custodial torture and deaths under Article 21.

FACTS: Executive Chairman of Legal Aid Services, West Bengal addressed a letter regarding frequent custodial deaths and police violence, which the Supreme Court treated as a PIL.

ISSUE: Whether custodial torture, assault, and death in police lockups violate fundamental rights under Article 21 and Article 22, and what procedural safeguards must be mandated.

RELEVANT PROVISIONS: Article 21, Article 22, Code of Criminal Procedure.

RATIO DECIDENDI: Custodial violence, torture, and lock-up deaths strike at the very soul of the rule of law and human dignity protected under Article 21. Any form of torture or cruel, inhuman, or degrading treatment of detainees falls foul of Article 21, whether during investigation or interrogation. The court exercised judicial lawmaking to lay down 11 mandatory directions (such as identifying arresting officers, preparing an arrest memo witnessed by an independent person, informing family within 8-12 hours, and conducting medical examinations every 48 hours).

FINAL HOLDING: 11 D.K. Basu arrest guidelines made mandatory across India; custodial violence made subject to strict departmental and criminal contempt liability."
"case_013","landmark_case","Vishaka v. State of Rajasthan","(1997) 6 SCC 241","Supreme Court of India","3-Judge Bench (Verma CJ, Sujata Manohar, Kirpal)","1997","Article 14","Article 15, Article 19(1)(g), Article 21, Article 142, CEDAW","Workplace sexual harassment, Vishaka guidelines, CEDAW convention, judicial lawmaking, gender equality, safe work environment","https://indiankanoon.org/doc/1031794/","LANDMARK PRINCIPLE: Formulated the historic 'Vishaka Guidelines' against workplace sexual harassment, deriving enforceable norms from Articles 14, 19, 21, and international treaties under Article 142.

FACTS: Bhanwari Devi, a social worker in Rajasthan campaigning against child marriage, was brutally gang-raped. The trial court acquitted the accused. Social action groups filed a PIL for women's workplace safety.

ISSUE: In the absence of domestic legislation, can the Supreme Court formulate binding norms under Articles 32 and 142 to prevent workplace sexual harassment?

RELEVANT PROVISIONS: Article 14, Article 15, Article 19(1)(g), Article 21, Article 142, CEDAW.

RATIO DECIDENDI: The Supreme Court held that sexual harassment in the workplace violates gender equality (Articles 14 & 15), the right to carry on trade/profession (Article 19(1)(g)), and the right to life with dignity (Article 21). In the absence of domestic legislation, international conventions like CEDAW must be read into fundamental rights under Article 142 to fill legislative vacuums.

FINAL HOLDING: Mandatory Vishaka Guidelines issued requiring Internal Complaints Committees (ICC) in all workplaces (later codified into the POSH Act, 2013)."
"case_014","landmark_case","S.R. Bommai v. Union of India","(1994) 3 SCC 1","Supreme Court of India","9-Judge Constitution Bench (Ratnavel Pandian, Ahmadi, Kuldip Singh, Verma, Sawant, Ramaswamy, Agarwal, Reddy, Sen)","1994","Article 356","Article 74, Article 355, Basic Structure","President's rule, dissolution of State assemblies, federalism, secularism as basic structure, judicial review of presidential proclamation, floor test","https://indiankanoon.org/doc/1514672/","LANDMARK PRINCIPLE: Subordinated the exercise of President's Rule under Article 356 to strict judicial review; affirmed Federalism and Secularism as unalterable Basic Features.

FACTS: Karnataka Chief Minister S.R. Bommai's government was dismissed under Article 356 following alleged defecting legislators, without being allowed a floor test. Several State governments were similarly dismissed.

ISSUE: Scope of judicial review over Presidential Proclamation under Article 356, power to dissolve State assemblies, and status of secularism and federalism.

RELEVANT PROVISIONS: Article 356, Article 74(2), Article 355, Basic Structure.

RATIO DECIDENDI: The 9-Judge Bench laid down seminal constitutional rules: (1) Federalism and Secularism are essential parts of the Basic Structure; (2) The President's power under Article 356 is conditional, and the proclamation is subject to judicial review; (3) The Legislative Assembly cannot be dissolved until both Houses of Parliament approve the Proclamation; (4) If the proclamation is struck down as malafide or unconstitutional, the court has the power to resurrect the dismissed ministry and restore the dissolved Assembly; (5) The floor of the House is the only valid forum to test majority, not Raj Bhavan.

FINAL HOLDING: Proclamations in Karnataka and Meghalaya held unconstitutional; federal discipline enforced on Article 356."
"case_015","landmark_case","Secretary, State of Karnataka v. Umadevi (3)","(2006) 4 SCC 1","Supreme Court of India","5-Judge Constitution Bench (Sabharwal CJ, Arun Kumar, G.P. Mathur, C.K. Thakker, P.K. Balasubramanyan)","2006","Article 14","Article 16, Article 309","Public employment, contractual appointments, regularisation, rule of law, back-door entry, Article 16 open competition","https://indiankanoon.org/doc/816154/","LANDMARK PRINCIPLE: Ruled that temporary, contractual, and ad-hoc employees have no fundamental right to regularization in public employment without open competition under Article 16.

FACTS: Temporary and daily-wage workers appointed in various Karnataka departments sought regularization of service based on long years of service, citing Article 14.

ISSUE: Can courts direct regularization of contractual, daily-wage, or ad-hoc public workers when appointments bypassed constitutional recruitment procedures under Articles 14 and 16?

RELEVANT PROVISIONS: Article 14, Article 16, Article 309.

RATIO DECIDENDI: The Constitution Bench ruled that public employment must conform to Articles 14 and 16, guaranteeing open competition, equal opportunity, and merit-based recruitment. Regularizing employees who obtained 'back-door entry' without fair selection deprives qualified citizens of their constitutional right to compete for public posts. Courts cannot issue mandamus directing regularization of illegal appointments, though irregular employees who served 10 years or more without court orders could be considered as a one-time measure.

FINAL HOLDING: Commercial or compassionate regularization barred; adherence to constitutional recruitment mandates affirmed."
"case_016","landmark_case","Olga Tellis v. Bombay Municipal Corporation (Pavement Dwellers Case)","(1985) 3 SCC 545","Supreme Court of India","5-Judge Constitution Bench (Chandrachud CJ, Murtaza Fazal Ali, Tulzapurkar, Reddy, Varadarajan)","1985","Article 21","Article 14, Article 19(1)(e), Article 39(a), Article 41","Right to livelihood, pavement dwellers, eviction without notice, natural justice, estoppel against fundamental rights","https://indiankanoon.org/doc/709776/","LANDMARK PRINCIPLE: Right to Life under Article 21 includes the Right to Livelihood; no person can be evicted from shelter without procedural fairness and natural justice.

FACTS: In 1981, Bombay Municipal Corporation and Maharashtra State undertook forcible eviction and demolition of thousands of pavement and slum dwellings without prior notice or alternative rehabilitation.

ISSUE: Whether the right to life guaranteed by Article 21 includes the right to livelihood, and whether municipal authorities can evict pavement dwellers without prior notice.

RELEVANT PROVISIONS: Article 21, Article 14, Article 19(1)(e), Bombay Municipal Corporation Act 1888 Section 314.

RATIO DECIDENDI: Chief Justice Y.V. Chandrachud delivered the unanimous ruling: 'An important facet of the right to life is the right to livelihood. If the right to livelihood is not treated as a part of the constitutional right to life, the easiest way of depriving a person of his life would be to deprive him of his means of livelihood.' To deprive a person of their livelihood is to strip their life of its meaningful content. Even though public footpaths are meant for pedestrian transit, municipal authorities exercising power of eviction under Section 314 must adhere to procedural natural justice and provide reasonable notice and hearing before demolition.

FINAL HOLDING: Right to livelihood declared an integral part of Article 21. Evictions must be humane, giving adequate opportunity and alternate transit sites where feasible."
"case_017","landmark_case","Francis Coralie Mullin v. Administrator, Union Territory of Delhi","(1981) 1 SCC 608","Supreme Court of India","2-Judge Bench (Bhagwati, Murtaza Fazal Ali)","1981","Article 21","Article 14, Article 19","Right to live with human dignity, prisoners' rights, COFEPOSA detenu, family visits, right to legal counsel","https://indiankanoon.org/doc/1712542/","LANDMARK PRINCIPLE: Right to Life means the Right to Live with Human Dignity, not mere animal existence or physical survival.

FACTS: British national Francis Coralie Mullin was detained in Tihar Central Jail under the Conservation of Foreign Exchange and Prevention of Smuggling Activities Act (COFEPOSA). She was restricted from interviewing her lawyer and seeing her young daughter without bureaucratic permissions.

ISSUE: Whether arbitrary restrictions on a prisoner's right to meet family and legal counsel violate fundamental rights under Article 21.

RELEVANT PROVISIONS: Article 21, Article 14, COFEPOSA Detention Conditions.

RATIO DECIDENDI: Justice P.N. Bhagwati articulated the foundational dignity jurisprudence: 'We think that the right to life includes the right to live with human dignity and all that goes along with it, namely, the bare necessaries of life such as adequate nutrition, clothing and shelter and facilities for reading, writing and expressing oneself in diverse forms.' The right to life under Article 21 cannot be restricted to mere animal existence. A prisoner or preventive detenu retains all constitutional fundamental rights except those legitimately curtailed by detention. Denying a detenu access to counsel and family is an unreasonable deprivation of dignity.

FINAL HOLDING: Detenu has a fundamental right under Article 21 to meet legal counsel and family members without humiliating obstacles."
"case_018","landmark_case","Hussainara Khatoon (I to VI) v. Home Secretary, State of Bihar","(1979) 3 SCC 816","Supreme Court of India","3-Judge Bench (Bhagwati, Koshal, Sen)","1979","Article 21","Article 39A, Article 32","Right to speedy trial, undertrial prisoners, free legal aid, bail reforms, systemic criminal injustice","https://indiankanoon.org/doc/1373215/","LANDMARK PRINCIPLE: Established the Right to Speedy Trial and Free Legal Aid as essential fundamental rights under Article 21.

FACTS: An investigative series of articles in the Indian Express exposed thousands of undertrial prisoners languishing in Bihar jails for decades, awaiting trial for periods far exceeding the maximum statutory sentence for their alleged offences. Advocate Pushpa Kapila Hingorani filed a habeas corpus PIL.

ISSUE: Whether prolonged detention of undertrials without trial violates Article 21, and whether the right to speedy trial and legal aid are fundamental rights.

RELEVANT PROVISIONS: Article 21, Article 39A, Section 167 CrPC.

RATIO DECIDENDI: Justice P.N. Bhagwati held that 'speedy trial' is an integral and essential part of the fundamental right to life and personal liberty enshrined in Article 21. No procedure which does not ensure a reasonably quick trial can be regarded as 'just, fair, and reasonable' under the Maneka Gandhi test. The state cannot plead administrative or financial inability to deny this right. The court also held that free legal aid to impoverished accused facing imprisonment is an implicit constitutional command under Article 21 and Article 39A.

FINAL HOLDING: Immediate release of over 40,000 undertrials ordered. Right to speedy trial affirmed as a constitutional guarantee."
"case_019","landmark_case","Sunil Batra v. Delhi Administration","(1980) 3 SCC 488","Supreme Court of India","3-Judge Bench (Krishna Iyer, Pathak, Reddy)","1980","Article 21","Article 14, Article 19, Article 32, Prisons Act 1894","Prisoners' rights, bar fetters, solitary confinement, custodial torture, epistolary jurisdiction, judicial monitoring","https://indiankanoon.org/doc/1410148/","LANDMARK PRINCIPLE: Enforced constitutional rights within prison walls; held that convicts are not denuded of fundamental rights and prohibited solitary confinement.

FACTS: Sunil Batra, a death-row prisoner in Tihar Jail, sent a handwritten letter on scrap paper to Supreme Court Justice V.R. Krishna Iyer reporting that a jail warden had brutally assaulted another prisoner (Prem Chand) to extort money. The court treated the letter as a habeas corpus petition.

ISSUE: Can courts intervene under Article 32 to protect prisoners against custodial torture, and whether prisoners lose their fundamental rights upon incarceration.

RELEVANT PROVISIONS: Article 14, Article 19, Article 21, Article 32, Prisons Act 1894 Sections 30, 46, 56.

RATIO DECIDENDI: Justice V.R. Krishna Iyer laid down that conviction for a crime does not reduce a human being to a non-person. Prisoners retain all fundamental rights under Part III, subject only to those deprivations necessitated by the fact of imprisonment. Solitary confinement, imposition of iron fetters, and physical torture without judicial authority violate Articles 14, 19, and 21. The court affirmed 'epistolary jurisdiction'—allowing letters from prisoners to activate the court's writ power.

FINAL HOLDING: Inhuman prison practices and arbitrary solitary confinement declared unconstitutional; district judges empowered to inspect prisons regularly."
"case_020","landmark_case","Selvi v. State of Karnataka","(2010) 7 SCC 263","Supreme Court of India","3-Judge Bench (Balakrishnan CJ, Raveendran, Dalveer Bhandari)","2010","Article 20","Article 21, Code of Criminal Procedure","Narco-analysis, polygraph lie-detector, BEAP brain-mapping, self-incrimination, mental privacy, bodily autonomy, forced testimony","https://indiankanoon.org/doc/1547842/","LANDMARK PRINCIPLE: Involuntary administration of narco-analysis, polygraph, and brain-mapping violates the protection against self-incrimination under Article 20(3) and mental privacy under Article 21.

FACTS: Petitioners challenged the involuntary use of neuro-scientific investigative techniques (Narco-analysis using sodium pentothal, Polygraph test, and Brain Electrical Activation Profile / BEAP) on accused persons without their consent.

ISSUE: Whether forced administration of neuro-scientific investigative techniques violates Article 20(3) (protection against self-incrimination) and Article 21 (right to privacy and bodily integrity).

RELEVANT PROVISIONS: Article 20(3), Article 21, Section 161(2) CrPC, Indian Evidence Act Section 27.

RATIO DECIDENDI: The Supreme Court held that the compulsory administration of narco-analysis, polygraph, and brain-mapping violates the right against self-incrimination under Article 20(3). Forcible intrusion into an individual's subconscious mental processes deprives them of the choice between speech and silence. Furthermore, subjecting an individual to such physical and mental intrusion without consent violates bodily integrity and the 'mental privacy' facet of personal liberty under Article 21. The court permitted such tests ONLY when voluntarily undergone, but held that test results themselves cannot be admitted as substantive evidence.

FINAL HOLDING: Involuntary narco-analysis, polygraph, and brain-mapping declared unconstitutional and inadmissible in evidence."
"case_021","landmark_case","Common Cause v. Union of India","(2018) 5 SCC 1","Supreme Court of India","5-Judge Constitution Bench (Misra CJ, Sikri, Khanwilkar, Chandrachud, Ashok Bhushan)","2018","Article 21","Article 14, Article 19","Passive euthanasia, advance medical directive, living will, right to die with dignity, vegetative state, medical autonomy","https://indiankanoon.org/doc/1715421/","LANDMARK PRINCIPLE: Recognized the fundamental right to die with dignity as part of Article 21 and legalized passive euthanasia and advance medical directives (Living Wills).

FACTS: NGO Common Cause filed a writ petition seeking recognition of the right to die with dignity and the execution of living wills for terminally ill patients in permanent vegetative states.

ISSUE: Whether the right to life with dignity under Article 21 includes the right to die with dignity, and whether passive euthanasia and advance medical directives are legally permissible.

RELEVANT PROVISIONS: Article 21, Medical Council of India Regulations.

RATIO DECIDENDI: The 5-Judge Constitution Bench unanimously affirmed that the right to life under Article 21 encompasses the right to live with dignity up to the point of death, including a dignified dying process. Prolonging terminal agony through artificial life-support systems against a patient's informed autonomy violates Article 21. The court recognized the distinction between active euthanasia (which remains an offence) and passive euthanasia (withholding or withdrawing life support), holding passive euthanasia permissible under strict medical safeguards. It recognized the constitutional validity of 'Advance Medical Directives' (Living Wills).

FINAL HOLDING: Passive euthanasia and Living Wills legalized; detailed procedural guidelines laid down to protect terminally ill patients."
"case_022","landmark_case","People's Union for Civil Liberties (PUCL) v. Union of India (Telephone Tapping Case)","(1997) 1 SCC 301","Supreme Court of India","2-Judge Bench (Kuldip Singh, Saghir Ahmad)","1997","Article 21","Article 19(1)(a), Telegraph Act Section 5(2)","Telephone tapping, right to privacy, surveillance, freedom of speech, procedural safeguards, Review Committee","https://indiankanoon.org/doc/1218090/","LANDMARK PRINCIPLE: Held that telephone tapping infringes the Right to Privacy under Article 21 and Freedom of Speech under Article 19(1)(a) unless strictly justified by public emergency.

FACTS: PUCL challenged the rampant, uncontrolled interception and tapping of telephone conversations of political leaders and citizens by government intelligence agencies under Section 5(2) of the Indian Telegraph Act, 1885.

ISSUE: Whether telephone tapping violates the right to privacy under Article 21 and freedom of expression under Article 19(1)(a), and whether statutory safeguards are mandatory.

RELEVANT PROVISIONS: Article 19(1)(a), Article 19(2), Article 21, Section 5(2) Indian Telegraph Act 1885.

RATIO DECIDENDI: The Supreme Court held that telephonic conversations are an intimate part of modern private life. Intercepting or tapping telephone calls constitutes a direct invasion of an individual's privacy under Article 21 and impermissibly curtails freedom of speech and expression under Article 19(1)(a). Telephone tapping under Section 5(2) of the Telegraph Act can ONLY be sanctioned upon the occurrence of a 'public emergency' or in the interest of 'public safety'. In the absence of statutory procedural safeguards, the court formulated mandatory guidelines requiring authorizations to be issued only by the Home Secretary, valid for max 2 months, and reviewed by a Cabinet Review Committee.

FINAL HOLDING: Strict procedural safeguards mandated for telephone surveillance; arbitrary state tapping held unconstitutional."
"case_023","landmark_case","Joseph Shine v. Union of India","(2018) 2 SCC 189","Supreme Court of India","5-Judge Constitution Bench (Misra CJ, Khanwilkar, Nariman, Chandrachud, Malhotra)","2018","Article 14","Article 15, Article 21, Section 497 IPC","Decriminalization of adultery, gender equality, stereotyping of women as property, manifest arbitrariness, marital privacy","https://indiankanoon.org/doc/1712542/","LANDMARK PRINCIPLE: Decriminalized adultery by striking down Section 497 IPC as a sexist, patriarchal relic violating Articles 14, 15, and 21.

FACTS: Petitioner Joseph Shine challenged the constitutional validity of Section 497 of the Indian Penal Code, which penalized a man for having sexual intercourse with the wife of another man without the husband's consent, but exempted the woman from criminal liability and gave no remedy to a wife whose husband committed adultery.

ISSUE: Whether Section 497 IPC violates Articles 14, 15, and 21 by treating women as chattel and property of their husbands.

RELEVANT PROVISIONS: Article 14, Article 15(1), Article 21, Section 497 Indian Penal Code, Section 198(2) CrPC.

RATIO DECIDENDI: The 5-Judge Constitution Bench unanimously struck down Section 497 IPC and Section 198(2) CrPC. The court held that Section 497 is manifestly arbitrary under Article 14 because it treats a married woman as the chattel/property of her husband—exempting adultery if the husband consents. It violates Article 15(1) by perpetuating entrenched gender stereotypes regarding female subservience. Furthermore, criminalizing private sexual autonomy in marriage without public harm violates personal dignity and bodily autonomy under Article 21. Adultery may remain a civil ground for divorce, but cannot be a criminal offence.

FINAL HOLDING: Section 497 IPC struck down as unconstitutional and void."
"case_024","landmark_case","Kharak Singh v. State of UP","AIR 1963 SC 1295","Supreme Court of India","6-Judge Constitution Bench (Sinha CJ, Imam, Subba Rao, Shah, Raghubar Dayal, Rajagopala Ayyangar)","1963","Article 21","Article 19(1)(d), UP Police Regulations","History-sheeting, secret picketing, domiciliary visits, early privacy jurisprudence, Justice Subba Rao dissent","https://indiankanoon.org/doc/1359146/","LANDMARK PRINCIPLE: Held midnight domiciliary police visits unconstitutional under Article 21; seminal dissent of Justice Subba Rao that Right to Privacy is an integral part of personal liberty.

FACTS: Kharak Singh was acquitted of dacoity due to lack of evidence, but UP Police opened a history-sheet against him under Chapter XX of the UP Police Regulations, subjecting him to secret surveillance, periodic domiciliary visits at night, and verification of movements.

ISSUE: Whether police surveillance and midnight domiciliary visits violate Article 19(1)(d) (freedom of movement) and Article 21 (personal liberty).

RELEVANT PROVISIONS: Article 19(1)(d), Article 21, Regulation 236 UP Police Regulations.

RATIO DECIDENDI: The majority struck down Regulation 236(b) authorizing midnight domiciliary visits, holding that knocking on a citizen's door at night disrupts rest and psychological peace, violating personal liberty under Article 21. However, the majority held that secret picketing did not violate movement under Article 19(1)(d) and stated that privacy was not a guaranteed constitutional right. In a visionary dissent, Justice K. Subba Rao held that the right to privacy is an integral ingredient of personal liberty under Article 21, arguing that all surveillance without authority of law violates the Constitution.

FINAL HOLDING: Domiciliary visits struck down; Subba Rao's dissent was later vindicated and adopted as unanimous law in Puttaswamy (2017)."
"case_025","landmark_case","M.P. Sharma v. Satish Chandra","AIR 1954 SC 300","Supreme Court of India","8-Judge Constitution Bench (Mahajan CJ, Mukherjee, Das, Bose, Hasan, Bhagwati, Jagannadhadas, Venkatarama Ayyar)","1954","Article 20","Article 19(1)(f), Code of Criminal Procedure","Search and seizure, self-incrimination under Article 20(3), private papers, absence of express Fourth Amendment equivalent","https://indiankanoon.org/doc/1305417/","LANDMARK PRINCIPLE: Early ruling that search and seizure under valid warrants does not violate Article 20(3); noted the absence of an express privacy provision in the Constitution (later overruled in Puttaswamy).

FACTS: In an investigation into Dalmia group companies for misappropriation and fraud, the District Magistrate issued search warrants under Section 96 CrPC, seizing large volumes of private books and documents.

ISSUE: Whether search and seizure of private papers from an accused violates Article 20(3) (protection against self-incrimination) and the right to privacy.

RELEVANT PROVISIONS: Article 20(3), Article 19(1)(f), Section 96 Code of Criminal Procedure 1898.

RATIO DECIDENDI: The 8-Judge Bench held that search and seizure under a warrant is an overriding state power for investigation of crimes and does not equate to testimonial compulsion under Article 20(3). The court remarked that the framers of the Indian Constitution did not include a provision analogous to the Fourth Amendment of the US Constitution protecting against unreasonable searches. This literal observation was used for decades by the State to argue that privacy was not a fundamental right.

FINAL HOLDING: Search and seizure upheld; observations denying privacy were formally overruled by the 9-Judge Bench in Puttaswamy (2017)."
"case_026","landmark_case","ADM Jabalpur v. Shivkant Shukla (Habeas Corpus Case)","(1976) 2 SCC 521","Supreme Court of India","5-Judge Constitution Bench (Ray CJ, Beg, Chandrachud, Bhagwati, H.R. Khanna)","1976","Article 21","Article 359, Article 226, Article 32, MISA 1971","Internal emergency, presidential order under Article 359, suspension of Article 21, locus standi for habeas corpus, Justice H.R. Khanna dissent","https://indiankanoon.org/doc/1715421/","LANDMARK PRINCIPLE: Infamous majority ruling holding that during Emergency under Article 359, no citizen had locus standi to file habeas corpus against illegal detention; historic dissent of Justice H.R. Khanna.

FACTS: Following the declaration of Internal Emergency in June 1975, the President issued an order under Article 359(1) suspending the right to move any court for enforcement of Articles 14, 21, and 22. Thousands of political leaders were detained under MISA without trial.

ISSUE: Whether in view of the Presidential Order under Article 359, a writ petition for habeas corpus under Article 226 was maintainable to challenge illegal, malafide detentions.

RELEVANT PROVISIONS: Article 21, Article 359(1), Article 226, MISA Section 16A.

RATIO DECIDENDI: By a 4-1 majority, the court held that during Emergency, Article 21 was the sole repository of the right to life and liberty; upon its suspension under Article 359, no person had standing to seek judicial relief against deprivation of liberty, even if the detention was unlawful or malafide. Justice H.R. Khanna delivered his immortal dissent: 'Life and personal liberty are not the bounty of the State or the creation of the Constitution. Even in the absence of Article 21, the State has no power to deprive a person of his life or liberty without authority of law. A dissent in a court of last resort is an appeal to the brooding spirit of the law, to the intelligence of a future day.'

FINAL HOLDING: Majority judgment declared bad in law by Parliament via 44th Amendment (making Article 21 non-suspendable) and officially overruled in Puttaswamy (2017)."
"case_027","landmark_case","I.C. Golaknath v. State of Punjab","AIR 1967 SC 1643","Supreme Court of India","11-Judge Constitution Bench (Subba Rao CJ, Wanchoo, Hidayatullah, Shah, Sikri, Bachawat, Ramaswami, Shelat, Bhargava, Mitter, Vaidialingam)","1967","Article 368","Article 13(2), Part III","Constituent power, amendment as 'law' under Article 13(2), transcendental fundamental rights, prospective overruling","https://indiankanoon.org/doc/1218090/","LANDMARK PRINCIPLE: 11-Judge Bench held that Fundamental Rights are transcendental and Parliament had no power under Article 368 to abridge or take away Part III rights; established Doctrine of Prospective Overruling.

FACTS: Henry and William Golaknath challenged the Punjab Security of Land Tenures Act, 1953, and the 17th Constitutional Amendment which placed the Act into the Ninth Schedule, immunizing it from judicial review under Part III.

ISSUE: Whether an amendment to the Constitution made under Article 368 is a 'law' within the meaning of Article 13(2), and whether Parliament can take away Fundamental Rights.

RELEVANT PROVISIONS: Article 13(2), Article 368, 17th Constitutional Amendment.

RATIO DECIDENDI: By a 6-5 majority, Chief Justice K. Subba Rao held that: (1) Article 368 contains merely the procedure for amendment, not plenary constituent power; (2) An amendment to the Constitution is a 'law' under Article 13(2), and any amendment taking away Fundamental Rights is void; (3) Fundamental Rights are given a transcendental position; and (4) Invoking American jurisprudence, the court introduced the Doctrine of Prospective Overruling—holding that past amendments (1st, 4th, 17th) remained valid, but Parliament had no future power to amend Part III.

FINAL HOLDING: Parliament barred from abridging Fundamental Rights (later overruled in Kesavananda Bharati, leading to the Basic Structure doctrine)."
"case_028","landmark_case","Waman Rao v. Union of India","(1981) 2 SCC 362","Supreme Court of India","5-Judge Constitution Bench (Chandrachud CJ, Bhagwati, Krishna Iyer, Tulzapurkar, Sen)","1981","Article 368","Article 31A, Article 31B, Article 31C, Ninth Schedule","Cut-off date for basic structure review, Ninth Schedule immunity, prospective application post-April 24, 1973","https://indiankanoon.org/doc/1857950/","LANDMARK PRINCIPLE: Established April 24, 1973 (date of Kesavananda Bharati) as the constitutional watershed cut-off date for testing Ninth Schedule laws against the Basic Structure Doctrine.

FACTS: The Maharashtra Agricultural Lands (Ceiling on Holdings) Act, 1961 was placed in the Ninth Schedule by the 40th Constitutional Amendment. Petitioners challenged the constitutional validity of Articles 31A, 31B, and 31C as violating the basic structure.

ISSUE: Whether amendments placing enactments in the Ninth Schedule after the Kesavananda Bharati verdict are subject to basic structure review.

RELEVANT PROVISIONS: Article 31A, Article 31B, Article 31C, Article 368, Ninth Schedule.

RATIO DECIDENDI: Chief Justice Y.V. Chandrachud reconciled Ninth Schedule immunity with the Basic Structure doctrine by establishing a definitive temporal boundary: All constitutional amendments and enactments included in the Ninth Schedule PRIOR to April 24, 1973 (the date Kesavananda was delivered) are constitutionally protected and immune from challenge. However, all amendments and laws inserted into the Ninth Schedule ON OR AFTER April 24, 1973 are open to constitutional scrutiny and can be struck down if they violate the basic structure of the Constitution.

FINAL HOLDING: Cut-off date established; prospective applicability of basic structure review to Ninth Schedule affirmed."
"case_029","landmark_case","I.R. Coelho v. State of Tamil Nadu (Ninth Schedule Case)","(2007) 2 SCC 1","Supreme Court of India","9-Judge Constitution Bench (Sabharwal CJ, Lakshmanan, Mathur, Pasayat, Balasubramanyan, Thakker, Sinha, Kapadia, Raveendran)","2007","Article 368","Article 31B, Article 14, Article 19, Article 21, Ninth Schedule","Ninth Schedule judicial review, blanket immunity rejected, 'rights test' vs 'essence of rights test', basic structure touchstone","https://indiankanoon.org/doc/134715/","LANDMARK PRINCIPLE: Unanimously held that laws inserted into the Ninth Schedule post-April 24, 1973 enjoy no blanket immunity and are subject to judicial review against Part III and the Basic Structure.

FACTS: Following conflicting interpretations between Waman Rao and Minerva Mills regarding the extent of judicial scrutiny over laws placed in the Ninth Schedule under Article 31B, the matter was referred to a 9-Judge Constitution Bench.

ISSUE: Can Parliament immunize laws from judicial review by placing them in the Ninth Schedule, and what is the test for constitutional invalidity of Ninth Schedule laws?

RELEVANT PROVISIONS: Article 31B, Article 14, Article 19, Article 21, Article 368, Ninth Schedule.

RATIO DECIDENDI: Chief Justice Y.K. Sabharwal delivered the unanimous 9-judge ruling: There is no blanket immunity for any law inserted into the Ninth Schedule on or after April 24, 1973. While Article 31B protects ordinary statutory violations, if a Ninth Schedule law abrogates fundamental rights that form part of the Basic Structure (Articles 14, 19, and 21), that law is unconstitutional. The court formulated the 'Rights Test' and 'Essence of Rights Test': Any law destroying the golden triangle or rule of law violates the basic structure.

FINAL HOLDING: Ninth Schedule laws post-April 24, 1973 are subject to full judicial review; parliamentary immunity cannot override the Basic Structure."
"case_030","landmark_case","R.C. Cooper v. Union of India (Bank Nationalization Case)","(1970) 1 SCC 248","Supreme Court of India","11-Judge Constitution Bench (Shah, Sikri, Shelat, Grover, Hegde, Ray, Reddy, Palekar, Dua, Vaidialingam, Hidayatullah CJ)","1970","Article 14","Article 19(1)(f), Article 31(2)","Bank nationalization, mutual exclusivity rejected, effect test of legislation, right to compensation, direct and inevitable effect","https://indiankanoon.org/doc/1331149/","LANDMARK PRINCIPLE: Overruled Gopalan's mutual exclusivity doctrine; held that the validity of state action must be tested by its 'effect' on fundamental rights rather than legislative form or subject matter.

FACTS: R.C. Cooper, a shareholder and director of Central Bank of India, challenged the Banking Companies (Acquisition and Transfer of Undertakings) Act, 1969, which nationalized 14 major commercial banks and provided illusory compensation while barring them from general banking.

ISSUE: Whether the Act violated Articles 14, 19(1)(f), and 31(2), and whether fundamental rights are mutually exclusive or interconnected.

RELEVANT PROVISIONS: Article 14, Article 19(1)(f), Article 31(2), Banking Companies Act 1969.

RATIO DECIDENDI: The 11-Judge Bench (10-1) discarded the formalist Gopalan doctrine that fundamental rights are mutually exclusive water-tight compartments. Justice J.C. Shah established the 'Effect Test' (Direct and Inevitable Effect): The constitutional validity of state action is determined not by the object or legislative subject matter, but by its direct operation and inevitable effect on fundamental rights. A law affecting property under Article 31 must also satisfy the test of reasonableness under Article 19(1)(f) and non-arbitrariness under Article 14. Compensation must be an equivalent in money representing genuine value.

FINAL HOLDING: Bank Nationalization Act struck down for discriminatory compensation and unreasonable barriers (paving the way for Maneka Gandhi's Golden Triangle)."
"case_031","landmark_case","State of Madras v. Champakam Dorairajan","AIR 1951 SC 226","Supreme Court of India","7-Judge Constitution Bench (Kania CJ, Fazal Ali, Sastri, Mahajan, Mukherjea, Das, Bose)","1951","Article 15","Article 29(2), Article 46","Communal G.O., reservations in education, Fundamental Rights supremacy over Directive Principles, genesis of First Constitutional Amendment","https://indiankanoon.org/doc/157297/","LANDMARK PRINCIPLE: Held that Fundamental Rights are supreme and cannot be overridden by Directive Principles of State Policy; led directly to the First Constitutional Amendment enacting Article 15(4).

FACTS: The Madras Government issued a 'Communal G.O.' allocating fixed quotas in medical and engineering colleges based strictly on religion, caste, and race. Brahmin candidates denied admission challenged the order under Article 29(2).

ISSUE: Can the State justify caste-based educational quotas under Directive Principle Article 46 when it violates the fundamental right against discrimination under Article 29(2)?

RELEVANT PROVISIONS: Article 15(1), Article 29(2), Article 46.

RATIO DECIDENDI: The 7-Judge Bench held that the Communal G.O. violated Article 29(2) because admission was denied based solely on religion and caste. The court declared that the Directive Principles of State Policy (Part IV) cannot override or abridge Fundamental Rights (Part III); Directive Principles must conform to and run subsidiary to Fundamental Rights. In response to this ruling, Parliament enacted the Constitution (First Amendment) Act, 1951, introducing Article 15(4) to permit special affirmative provisions for backward classes and SC/STs.

FINAL HOLDING: Communal G.O. struck down; foundational milestone for educational reservation jurisprudence."
"case_032","landmark_case","Shankari Prasad v. Union of India","AIR 1951 SC 458","Supreme Court of India","5-Judge Constitution Bench (Kania CJ, Sastri, Mukherjea, Das, Chandrasekhara Aiyar)","1951","Article 368","Article 13(2), 1st Constitutional Amendment","First Amendment validity, constituent power vs ordinary legislative power, power to amend Fundamental Rights","https://indiankanoon.org/doc/594125/","LANDMARK PRINCIPLE: First major constitutional bench ruling on amending power; held that constituent power under Article 368 is distinct from ordinary legislative power and can amend Fundamental Rights.

FACTS: Landlords challenged the validity of the Constitution (First Amendment) Act, 1951, which inserted Articles 31A and 31B (and the Ninth Schedule) to insulate agrarian land reform laws from fundamental rights challenge.

ISSUE: Whether Parliament's power to amend the Constitution under Article 368 is limited by Article 13(2) prohibiting laws abridging Fundamental Rights.

RELEVANT PROVISIONS: Article 13(2), Article 368, 1st Amendment Act 1951.

RATIO DECIDENDI: Chief Justice Patanjali Sastri held that there is a clear demarcation between ordinary legislative power exercised by Parliament and constituent power exercised under Article 368. The word 'law' in Article 13(2) refers to rules and regulations made in the exercise of ordinary legislative power, and does not include an amendment to the Constitution made in exercise of constituent power. Therefore, Parliament can amend any provision of the Constitution, including Part III Fundamental Rights.

FINAL HOLDING: First Constitutional Amendment upheld as valid."
"case_033","landmark_case","Sajjan Singh v. State of Rajasthan","AIR 1965 SC 845","Supreme Court of India","5-Judge Constitution Bench (Gajendragadkar CJ, Wanchoo, Hidayatullah, Shah, Mudholkar)","1965","Article 368","Article 13(2), 17th Constitutional Amendment","Seventeenth Amendment, seeds of Basic Structure, Justice Mudholkar and Justice Hidayatullah dissents","https://indiankanoon.org/doc/134715/","LANDMARK PRINCIPLE: Upheld the 17th Amendment; visionary dissents of Justice Hidayatullah and Justice J.R. Mudholkar planted the conceptual seeds of the Basic Structure Doctrine.

FACTS: Landowners challenged the 17th Amendment Act, 1964, which added several state land acquisition acts to the Ninth Schedule.

ISSUE: Whether the 17th Amendment fell within Article 368 and whether the unanimous ruling in Shankari Prasad should be reconsidered.

RELEVANT PROVISIONS: Article 13(2), Article 368, 17th Amendment.

RATIO DECIDENDI: The majority upheld the 17th Amendment reaffirming Shankari Prasad. However, Justice Hidayatullah expressed grave doubts on whether fundamental rights could be the plaything of a legislative majority. Crucially, Justice J.R. Mudholkar questioned whether Parliament could alter the 'basic features' of the Constitution, drawing from the concept of unamendable provisions in the Pakistani Constitution, noting that every Constitution has certain foundational features that cannot be rewritten.

FINAL HOLDING: 17th Amendment upheld, but seminal judicial doubts led directly to Golaknath (1967) and Kesavananda (1973)."
"case_034","landmark_case","Romesh Thappar v. State of Madras","AIR 1950 SC 124","Supreme Court of India","6-Judge Constitution Bench (Kania CJ, Fazal Ali, Sastri, Mahajan, Mukherjea, Das)","1950","Article 19","Article 32, Section 9(1-A) Madras Maintenance of Public Order Act 1949","Freedom of speech and expression, freedom of the press, circulation of journals, public safety vs public order","https://indiankanoon.org/doc/1218090/","LANDMARK PRINCIPLE: Established that Freedom of the Press is an implicit fundamental right under Article 19(1)(a) and struck down pre-censorship and ban on circulation.

FACTS: The Government of Madras banned the entry and circulation of Romesh Thappar's weekly journal 'Cross Roads' under the Madras Maintenance of Public Order Act, 1949 'for the purpose of securing public safety and maintaining public order'.

ISSUE: Whether freedom of circulation is part of Article 19(1)(a) and whether 'public safety' fell within the permitted restrictions under the unamended Article 19(2).

RELEVANT PROVISIONS: Article 19(1)(a), Article 19(2), Article 32.

RATIO DECIDENDI: Justice Patanjali Sastri held that freedom of speech and expression includes the freedom of propagation of ideas, and that freedom is ensured by the freedom of circulation: 'Without circulation, the publication would be of little value.' The court made a strict distinction between maintaining public order and undermining the security of the State. At that time, Article 19(2) did not contain 'public order' (which was subsequently inserted by the First Amendment). Banning the circulation of a journal violated Article 19(1)(a).

FINAL HOLDING: Ban on circulation quashed; press freedom declared fundamental."
"case_035","landmark_case","Bennett Coleman & Co. v. Union of India","(1972) 2 SCC 788","Supreme Court of India","5-Judge Constitution Bench (Sikri CJ, Ray, Reddy, Palekar, Beg)","1972","Article 19","Article 14, Import Control Act 1947","Freedom of the press, newsprint allocation policy, page-limit restriction, direct and inevitable effect, commercial liberty","https://indiankanoon.org/doc/1712542/","LANDMARK PRINCIPLE: Struck down government newsprint restrictions that capped newspaper page numbers, reaffirming that press freedom cannot be strangulated through administrative rationing.

FACTS: The Union Government formulated the Newsprint Control Order and Newsprint Allocation Policy for 1972-73, imposing a rigid 10-page ceiling on major daily newspapers and prohibiting inter-changeability of newsprint among editions.

ISSUE: Whether newsprint page ceilings and quota controls violate freedom of the press under Article 19(1)(a) and equality under Article 14.

RELEVANT PROVISIONS: Article 19(1)(a), Article 19(2), Article 14.

RATIO DECIDENDI: The Supreme Court applied the R.C. Cooper 'direct and inevitable effect' test. While the government may legitimately regulate the import and distribution of scarce commodities like newsprint, it cannot use quota regulations as a subterranean mechanism to dictate the volume, size, and circulation of newspapers. Capping pages directly reduced editorial space and advertisement revenue, curtailing circulation and crippling freedom of expression under Article 19(1)(a).

FINAL HOLDING: 10-page limit and restrictive allocation policies struck down as unconstitutional."
"case_036","landmark_case","Anuradha Bhasin v. Union of India","(2020) 3 SCC 637","Supreme Court of India","3-Judge Bench (Ramana, Reddy, Gavai)","2020","Article 19","Article 21, Section 144 CrPC, Telecom Suspension Rules 2017","Internet shutdown in Jammu & Kashmir, freedom of speech and trade over internet, proportionality test, publication of suspension orders","https://indiankanoon.org/doc/1454522/","LANDMARK PRINCIPLE: Declared that freedom of speech and expression and freedom of trade/business over the internet are fundamental rights under Article 19(1)(a) and 19(1)(g); indefinite internet shutdowns are illegal.

FACTS: Following the abrogation of Article 370 in August 2019, the government imposed sweeping communications blackouts, internet shutdowns, and Section 144 movement restrictions across Jammu & Kashmir. Executive Editor of Kashmir Times, Anuradha Bhasin, challenged the indefinite lockdown.

ISSUE: Whether access to the internet is protected under Article 19, whether indefinite internet suspensions are constitutionally permissible, and whether orders must be published.

RELEVANT PROVISIONS: Article 19(1)(a), Article 19(1)(g), Article 19(2), Section 144 CrPC, Telecom Suspension Rules.

RATIO DECIDENDI: The Supreme Court held that: (1) Freedom of speech and expression and the right to practice any profession or business over the medium of the internet are constitutionally protected under Article 19(1)(a) and Article 19(1)(g); (2) An indefinite suspension of internet services is impermissible and violates the doctrine of proportionality; (3) Suspension orders must satisfy the strict proportionality test (legitimate aim, suitability, necessity, least restrictive measure); (4) State must publish all suspension orders to enable judicial review; and (5) Section 144 CrPC cannot be used as a tool to suppress legitimate expression of democratic grievances.

FINAL HOLDING: Indefinite internet bans declared unconstitutional; periodic review mandated."
"case_037","landmark_case","Aruna Ramchandra Shanbaug v. Union of India","(2011) 4 SCC 454","Supreme Court of India","2-Judge Bench (Katju, Mishra)","2011","Article 21","Article 32, Section 309 IPC","Passive euthanasia guidelines, permanent vegetative state, brain-dead patient, withdrawal of life support, parens patriae","https://indiankanoon.org/doc/1715421/","LANDMARK PRINCIPLE: Laid down landmark guidelines legalizing passive euthanasia in India subject to High Court approval under parens patriae jurisdiction.

FACTS: Aruna Shanbaug, a nurse at KEM Hospital Mumbai, was brutally assaulted and suffocated with a dog chain in 1973, leaving her in a permanent vegetative state (PVS) for 37 years. Activist Pinki Virani filed a writ petition seeking directions to stop feeding and allow her to die peacefully.

ISSUE: Whether passive euthanasia (withdrawing life support/nutrition) should be permitted for a patient in a permanent vegetative state under Article 21.

RELEVANT PROVISIONS: Article 21, Section 309 IPC.

RATIO DECIDENDI: The Supreme Court clarified the distinction between active euthanasia (administering a lethal injection, which remains illegal murder) and passive euthanasia (withdrawing artificial life-sustaining mechanisms to allow nature to take its course). The court held that passive euthanasia is legally permissible under strict judicial oversight. Until Parliament enacts a statute, any decision to withdraw life support requires: (1) Approval of parents/spouse or close medical attendants; (2) Opinion of a board of 3 medical experts; and (3) Mandatory approval by a Division Bench of the High Court under Article 226.

FINAL HOLDING: Passive euthanasia recognized; on facts, permission denied because hospital staff wished to care for Aruna."
"case_038","landmark_case","S.P. Gupta v. Union of India (First Judges Case)","AIR 1982 SC 149","Supreme Court of India","7-Judge Constitution Bench (Bhagwati, Gupta, Fazal Ali, Tulzapurkar, Desai, Pathak, Venkataramiah)","1981","Article 124","Article 217, Article 32, Article 226","Judicial appointments, executive primacy, consultation vs concurrence, locus standi liberalization, Public Interest Litigation (PIL)","https://indiankanoon.org/doc/1331149/","LANDMARK PRINCIPLE: Held that 'consultation' in judicial appointments does not mean 'concurrence' (granting executive primacy); revolutionized PIL by dramatically liberalizing locus standi.

FACTS: Petitions challenged the mass transfer of High Court judges and non-appointment of additional judges during the post-Emergency era.

ISSUE: Scope of 'consultation' with Chief Justice of India under Articles 124(2) and 217(1), and whether practicing lawyers have standing to challenge judicial appointments.

RELEVANT PROVISIONS: Article 124(2), Article 217(1), Article 32, Article 226.

RATIO DECIDENDI: The 7-Judge Bench delivered two monumental rulings: (1) On judicial appointments, the majority held that 'consultation' does not mean 'concurrence'. The President (Executive) is not bound by the opinion of the CJI, giving the central government ultimate primacy in judicial appointments (later overruled in the Second Judges case); (2) On access to justice, Justice P.N. Bhagwati revolutionized Indian jurisprudence by dismantling traditional strict locus standi rules. Any public-spirited individual or NGO can invoke Article 32 or 226 to seek redress for legal wrongs suffered by impoverished or oppressed classes who cannot access court.

FINAL HOLDING: Executive primacy upheld in appointments (overruled in 1993); Public Interest Litigation (PIL) permanently institutionalized."
"case_039","landmark_case","Supreme Court Advocates-on-Record Association v. Union of India (Second Judges Case)","(1993) 4 SCC 441","Supreme Court of India","9-Judge Constitution Bench (Sharma CJ, Pandian, Ahmadi, Kuldip Singh, Verma, Dayal, Reddy, Ray, Sen)","1993","Article 124","Article 217, Article 222, Judicial Independence","Collegium system establishment, consultation means concurrence, CJI primacy, independence of judiciary as basic structure","https://indiankanoon.org/doc/1574488/","LANDMARK PRINCIPLE: Overruled S.P. Gupta; established the Collegium System and ruled that 'consultation' means 'concurrence' of the Chief Justice of India and senior colleagues.

FACTS: SC Advocates-on-Record Association filed a writ petition seeking reconsideration of S.P. Gupta to insulate the higher judiciary from executive interference and filling vacancies.

ISSUE: Does executive primacy in judicial appointments compromise judicial independence, and should 'consultation' under Article 124(2) mean 'concurrence'?

RELEVANT PROVISIONS: Article 124(2), Article 217(1), Basic Structure.

RATIO DECIDENDI: By a 7-2 majority, the 9-Judge Bench overruled the First Judges Case. Justice J.S. Verma held that the independence of the judiciary is an integral component of the Basic Structure. To protect this independence, the opinion of the Chief Justice of India must be given primacy in appointments and transfers of judges. 'Consultation' effectively implies concurrence. However, the CJI cannot act individually; the CJI must form an institutional consensus after consulting a collegium of the two senior-most Supreme Court judges (later expanded to four in the Third Judges Case 1998 Advisory Opinion).

FINAL HOLDING: Collegium system established; executive primacy in judicial appointments extinguished."
"case_040","landmark_case","Supreme Court Advocates-on-Record Association v. Union of India (NJAC / Fourth Judges Case)","(2016) 5 SCC 1","Supreme Court of India","5-Judge Constitution Bench (Khehar, Chelameswar, Lokur, Kurian Joseph, Goel)","2015","Article 124A","Article 124, Article 217, Article 368, 99th Constitutional Amendment","National Judicial Appointments Commission (NJAC), 99th Constitutional Amendment, independence of judiciary as basic structure, collegium restored","https://indiankanoon.org/doc/1506509/","LANDMARK PRINCIPLE: Struck down the 99th Constitutional Amendment and NJAC Act, holding that judicial primacy in appointments is an indispensable part of the Basic Structure.

FACTS: Parliament enacted the Constitution (Ninety-Ninth Amendment) Act, 2014, and the National Judicial Appointments Commission (NJAC) Act, replacing the Collegium system with a 6-member commission comprising the CJI, two senior SC judges, Union Law Minister, and two eminent persons.

ISSUE: Whether the 99th Amendment and the NJAC Act violate the Basic Structure by eroding the independence of the judiciary and separation of powers.

RELEVANT PROVISIONS: Article 124(2), Article 124A, 124B, 124C, Article 368, 99th Amendment Act.

RATIO DECIDENDI: By a 4-1 majority, the Constitution Bench struck down both the 99th Amendment and the NJAC Act as unconstitutional. The court held that judicial independence is a non-negotiable basic feature of the Constitution. Giving the Executive (Law Minister) and two 'eminent persons' a veto over judicial appointments violates the separation of powers and poses a fatal hazard to judicial independence. Judicial primacy in appointments cannot be compromised.

FINAL HOLDING: 99th Amendment struck down; Collegium system fully restored."
"case_041","landmark_case","L. Chandra Kumar v. Union of India","(1997) 3 SCC 261","Supreme Court of India","7-Judge Constitution Bench (Verma CJ, Ramaswamy, Anand, Bharucha, Majmudar, Sujata Manohar, Kirpal)","1997","Article 32","Article 226, Article 227, Article 323A, Article 323B","Administrative tribunals, exclusion of High Court writ jurisdiction, judicial review as basic structure, CAT orders subject to High Court Division Bench","https://indiankanoon.org/doc/981147/","LANDMARK PRINCIPLE: Ruled that judicial review under Articles 226/227 and 32 is an unalterable Basic Feature; struck down statutory exclusion of High Court jurisdiction over tribunals.

FACTS: Section 28 of the Administrative Tribunals Act, 1985 and Article 323A(2)(d) excluded the jurisdiction of all courts, including High Courts under Articles 226/227, over service matters decided by the Central Administrative Tribunal (CAT).

ISSUE: Can Parliament or State Legislatures exclude the writ jurisdiction of High Courts and the Supreme Court by creating statutory tribunals?

RELEVANT PROVISIONS: Article 32, Article 226, Article 227, Article 323A, Article 323B.

RATIO DECIDENDI: The 7-Judge Constitution Bench unanimously held that the power of judicial review vested in the High Courts under Articles 226/227 and the Supreme Court under Article 32 is an integral and untransferable part of the Basic Structure. Clause 2(d) of Article 323A and Clause 3(d) of Article 323B excluding High Court jurisdiction are unconstitutional. Administrative Tribunals can act as supplemental courts of first instance, but all their decisions are subject to the supervisory writ jurisdiction of a Division Bench of the High Court under Article 226/227.

FINAL HOLDING: Statutory exclusion of High Court review declared void; judicial review firmly secured as part of the Basic Structure."
"case_042","landmark_case","T.M.A. Pai Foundation v. State of Karnataka","(2002) 8 SCC 481","Supreme Court of India","11-Judge Constitution Bench (Kirpal CJ, Pattanaik, Rajendra Babu, Quadri, Ruma Pal, Variava, Shivraj Patil, Pasayat, Bhan, Agrawal, Lakshmanan)","2002","Article 30","Article 19(1)(g), Article 26, Article 29","Minority educational institutions, state-wise determination of minority, unaided private colleges, autonomy in admissions, prohibition of capitation fee","https://indiankanoon.org/doc/1983234/","LANDMARK PRINCIPLE: 11-Judge Bench held that religious and linguistic minority status is determined state-wise; established administrative and financial autonomy of unaided private educational institutions.

FACTS: Private aided and unaided professional colleges challenged sweeping state regulations controlling fee structures, seat allocations, and admission quotas in Karnataka and other states.

ISSUE: What is the unit for determining religious and linguistic minorities under Article 30, and what is the extent of government control over unaided private institutions?

RELEVANT PROVISIONS: Article 19(1)(g), Article 26, Article 29, Article 30.

RATIO DECIDENDI: The 11-Judge Bench laid down: (1) Linguistic and religious minority status under Article 30 must be determined taking the State as the demographic unit, not the nation as a whole; (2) The right to establish and administer educational institutions is guaranteed to all citizens under Article 19(1)(g) and to minorities under Article 30; (3) Private unaided educational institutions have maximum autonomy in fee structure and admissions, provided admissions are transparent and merit-based; (4) Capitation fees and profiteering are strictly prohibited; and (5) State regulation of aided institutions can be greater to ensure academic standards.

FINAL HOLDING: Autonomy of private unaided professional colleges affirmed; minority status fixed state-wise."
"case_043","landmark_case","P.A. Inamdar v. State of Maharashtra","(2005) 6 SCC 537","Supreme Court of India","7-Judge Constitution Bench (Lahoti CJ, Balakrishnan, Sema, S.B. Sinha, G.P. Mathur, Balasubramanyan, P.K. Balasubramanyan)","2005","Article 19","Article 30, Article 15","State quotas in private unaided colleges, reservations in unaided institutions, common entrance test, NRI quotas","https://indiankanoon.org/doc/1712542/","LANDMARK PRINCIPLE: Ruled that the State cannot impose reservation quotas on private unaided professional educational institutions (led to 93rd Amendment enacting Article 15(5)).

FACTS: Private unaided professional engineering and medical colleges challenged state government orders appropriating percentage quotas for state reservations and capping fees.

ISSUE: Can the State impose affirmative action/reservations on private unaided minority and non-minority institutions without statutory or constitutional authorization?

RELEVANT PROVISIONS: Article 19(1)(g), Article 30, Article 15.

RATIO DECIDENDI: The 7-Judge Bench unanimously held that the State cannot compel private unaided educational institutions to implement government reservation policies or surrender seats to a State quota. Imposing reservations on an unaided institution constitutes an unreasonable restriction under Article 19(6) and violates minority autonomy under Article 30. Unaided institutions are entitled to conduct admissions through a fair, transparent, and non-exploitative Common Entrance Test (CET). (Parliament subsequently enacted the 93rd Constitutional Amendment, 2005, introducing Article 15(5) to overturn this restriction).

FINAL HOLDING: State quota reservations in private unaided institutions quashed."
"case_044","landmark_case","Lily Thomas v. Union of India","(2013) 7 SCC 653","Supreme Court of India","2-Judge Bench (Patnaik, Mukhopadhaya)","2013","Article 102","Article 191, Representation of the People Act 1951 Section 8(4)","Criminalization of politics, disqualification of convicted legislators, unconstitutionality of Section 8(4) RPA, immediate disqualification","https://indiankanoon.org/doc/1359146/","LANDMARK PRINCIPLE: Struck down Section 8(4) of the Representation of the People Act; held that convicted MPs and MLAs stand immediately disqualified upon conviction.

FACTS: Advocate Lily Thomas challenged Section 8(4) of the Representation of the People Act, 1951, which allowed sitting MPs and MLAs convicted of serious crimes to retain their legislative seats if they filed an appeal within 3 months.

ISSUE: Whether Parliament had the legislative competence under Articles 102(1)(e) and 191(1)(e) to provide a special immunity shield against disqualification for sitting legislators.

RELEVANT PROVISIONS: Article 102(1)(e), Article 191(1)(e), Section 8(4) RPA 1951.

RATIO DECIDENDI: The Supreme Court held that Articles 102(1)(e) and 191(1)(e) of the Constitution govern disqualification of candidates as well as sitting members alike. The Constitution does not confer any power on Parliament to create a discriminatory dual standard shielding convicted sitting legislators from immediate disqualification while barring ordinary citizens. Section 8(4) was ultra vires the Constitution. Sitting MPs and MLAs sentenced to not less than 2 years imprisonment stand immediately disqualified from the date of conviction.

FINAL HOLDING: Section 8(4) of RPA declared unconstitutional; automatic disqualification upon conviction established."
"case_045","landmark_case","Union of India v. Association for Democratic Reforms (ADR)","(2002) 5 SCC 294","Supreme Court of India","3-Judge Bench (Shah, Agrawal, Lakshmanan)","2002","Article 19","Article 324, Representation of the People Act 1951","Voters' right to know, disclosure of candidate criminal antecedents, assets, educational qualifications, electoral transparency","https://indiankanoon.org/doc/1218090/","LANDMARK PRINCIPLE: Established that voters have a Fundamental Right to Know under Article 19(1)(a) regarding criminal antecedents, assets, and qualifications of electoral candidates.

FACTS: Association for Democratic Reforms (ADR) filed a writ petition seeking directions to compel candidates contesting parliamentary and assembly elections to disclose their criminal backgrounds, financial assets, and educational qualifications.

ISSUE: Does the voter have a fundamental right under Article 19(1)(a) to know the background of candidates seeking election to public office?

RELEVANT PROVISIONS: Article 19(1)(a), Article 324, Representation of the People Act 1951.

RATIO DECIDENDI: The Supreme Court ruled that democracy cannot survive without free and informed choice. The freedom of speech and expression guaranteed under Article 19(1)(a) includes the right to impart and receive information. A citizen cannot cast an intelligent and meaningful vote in a democratic election without knowing the background, criminal records, pending charges, assets/liabilities, and educational qualifications of the candidate. Under Article 324, the Election Commission has plenary powers to require mandatory disclosure affidavits.

FINAL HOLDING: Mandatory disclosure affidavits of candidate antecedents enforced for all elections."
"case_046","landmark_case","M. Nagaraj v. Union of India","(2006) 8 SCC 212","Supreme Court of India","5-Judge Constitution Bench (Sabharwal CJ, Balakrishnan, S.H. Kapadia, C.K. Thakker, P.K. Balasubramanyan)","2006","Article 16","Article 14, Article 335, 77th, 81st, 82nd, 85th Amendments","SC/ST reservations in promotions, backwardness, inadequacy of representation, administrative efficiency, quantifiable data","https://indiankanoon.org/doc/211089/","LANDMARK PRINCIPLE: Upheld constitutional amendments enabling SC/ST reservations in promotions, subject to the State proving backwardness, inadequacy of representation, and efficiency with quantifiable data.

FACTS: General category employees challenged the 77th, 81st, 82nd, and 85th Constitutional Amendments which inserted Articles 16(4A) and 16(4B) permitting consequential seniority in promotions for SCs/STs and carry-forward of unfilled vacancies.

ISSUE: Whether constitutional amendments enabling promotional reservations alter the Basic Structure by abrogating the 50% ceiling and merit principles.

RELEVANT PROVISIONS: Article 16(4A), Article 16(4B), Article 335, Article 368.

RATIO DECIDENDI: The Constitution Bench upheld the amendments as enabling provisions. However, the court held that the exercise of power under Article 16(4A) is subject to three mandatory constitutional conditions: The State must show in each case by quantifiable data (1) the backwardness of the class, (2) the inadequacy of representation in the specific service/cadre, and (3) that overall administrative efficiency under Article 335 is not compromised. Furthermore, promotional quotas must respect the 50% ceiling and creamy layer exclusion.

FINAL HOLDING: Amendments upheld; quantifiable data on representation and efficiency mandated before implementing promotional quotas."
"case_047","landmark_case","Jarnail Singh v. Lachhmi Narain Gupta","(2018) 10 SCC 396","Supreme Court of India","5-Judge Constitution Bench (Misra CJ, Kurian Joseph, Nariman, U.U. Lalit, Ashok Bhushan)","2018","Article 16","Article 14, Article 335, Article 341, Article 342","Creamy layer application to SC/ST promotions, Nagaraj modification, quantifiable data on backwardness struck down","https://indiankanoon.org/doc/211089/","LANDMARK PRINCIPLE: Modified Nagaraj by holding that the State need not collect quantifiable data on backwardness for SC/STs, but affirmed that the 'Creamy Layer' principle applies to SC/ST promotions.

FACTS: The Union of India sought a referral of M. Nagaraj to a 7-Judge Bench, arguing that requiring quantifiable data on the backwardness of SCs and STs violated the Presidential Orders under Articles 341 and 342.

ISSUE: Does requiring quantifiable data on SC/ST backwardness run contrary to Indra Sawhney, and does the creamy layer exclusion apply to Scheduled Castes and Scheduled Tribes in promotions?

RELEVANT PROVISIONS: Article 16(4A), Article 341, Article 342, Article 335.

RATIO DECIDENDI: The 5-Judge Bench held that Nagaraj's requirement to collect quantifiable data on the backwardness of SCs/STs was contrary to Indra Sawhney (which held that SC/STs are inherently backward) and invalidated that specific requirement. However, the court firmly held that the 'Creamy Layer' principle is an essential facet of equality under Articles 14 and 16(1). The socially and economically advanced members of SC/STs cannot walk away with promotional benefits at the expense of genuinely impoverished members of the community.

FINAL HOLDING: No data on backwardness required for SC/ST; Creamy Layer principle holds good for SC/ST reservations in promotions."
"case_048","landmark_case","Indian Young Lawyers Association v. State of Kerala (Sabarimala Case)","(2019) 11 SCC 1","Supreme Court of India","5-Judge Constitution Bench (Misra CJ, Khanwilkar, Nariman, Chandrachud, Indu Malhotra)","2018","Article 25","Article 14, Article 15, Article 17, Article 21, Article 26","Women entry in Sabarimala temple, biological discrimination, physiological exclusion, constitutional morality, religious denomination test","https://indiankanoon.org/doc/631708/","LANDMARK PRINCIPLE: Struck down the exclusion of women aged 10-50 from entering the Sabarimala temple as a violation of Articles 14, 15, 21, and 25; elevated Constitutional Morality over social stigma.

FACTS: Rule 3(b) of the Kerala Hindu Places of Public Worship (Authorization of Entry) Rules, 1965 prohibited women aged 10 to 50 years (menstruating women) from entering the Sabarimala Ayyappa temple in Kerala.

ISSUE: Does the prohibition of women of menstruating age violate Articles 14, 15, and 21, or is it protected under Article 26 as an essential religious practice of a religious denomination?

RELEVANT PROVISIONS: Article 14, Article 15(1), Article 21, Article 25, Article 26, Kerala Entry Rules 1965 Rule 3(b).

RATIO DECIDENDI: By a 4-1 majority, the Constitution Bench held that: (1) Ayyappa devotees do not constitute a separate religious denomination under Article 26, but are part of the larger Hindu faith; (2) Excluding women based on biological/physiological factors like menstruation is a form of untouchability and discrimination violating Articles 14, 15, and 21; (3) Freedom of religion under Article 25(1) is guaranteed equally to all persons and is expressly subject to Part III; and (4) 'Constitutional Morality' requires the eradication of misogynistic and discriminatory practices in public religious spaces. (Justice Indu Malhotra dissented on judicial review over religious beliefs).

FINAL HOLDING: Rule 3(b) struck down; women of all ages permitted to enter Sabarimala temple."
"case_049","landmark_case","National Legal Services Authority (NALSA) v. Union of India","(2014) 5 SCC 438","Supreme Court of India","2-Judge Bench (K.S. Radhakrishnan, A.K. Sikri)","2014","Article 21","Article 14, Article 15, Article 19(1)(a)","Transgender rights, third gender recognition, gender identity self-determination, bodily autonomy, affirmative action","https://indiankanoon.org/doc/1939993/","LANDMARK PRINCIPLE: Legally recognized transgender persons as the 'Third Gender'; affirmed self-determination of gender identity as an inalienable facet of Article 21 liberty and dignity.

FACTS: NALSA filed a writ petition highlighting systemic social exclusion, violence, and non-recognition of transgender, hijra, and kinner individuals under the binary legal framework of male/female.

ISSUE: Whether non-recognition of transgender persons as a third gender violates Articles 14, 15, 19, and 21 of the Constitution.

RELEVANT PROVISIONS: Article 14, Article 15, Article 16, Article 19(1)(a), Article 21, Yogyakarta Principles.

RATIO DECIDENDI: The Supreme Court held that gender identity is an intrinsic aspect of human personality, self-determination, and personal liberty protected under Article 21. Forcing individuals into a binary male/female classification against their self-identified gender violates their dignity. Discrimination based on 'sex' in Articles 15 and 16 includes discrimination based on gender identity. The court granted constitutional recognition to transgender persons as a 'third gender' and directed the State to treat them as socially and educationally backward classes for affirmative action and educational reservations.

FINAL HOLDING: Right of transgender persons to self-determine gender affirmed; affirmative protection and welfare measures mandated."
"case_002_ratio_01","ratio_chunk","Maneka Gandhi v. Union of India [Ratio 01: Substantive Due Process]","AIR 1978 SC 597","Supreme Court of India","7-Judge Constitution Bench","1978","Article 21","Article 14, Article 19","Substantive due process, procedure established by law, just fair and reasonable test","https://indiankanoon.org/doc/1766147/","[Case: Maneka Gandhi v Union of India
Citation: AIR 1978 SC 597
Article: 21]

LEGAL PRINCIPLE: The phrase 'procedure established by law' in Article 21 cannot be an arbitrary, oppressive, or fanciful statutory procedure. It must strictly conform to the principles of natural justice and be 'just, fair, and reasonable', effectively importing substantive due process into Indian constitutional law.

HOLDING: Any enacted procedure that deprives a person of life or personal liberty is unconstitutional under Article 21 if it lacks fairness, equity, or reasonableness.

COURT REASONING: The court reasoned that 'law' in Article 21 is not mere state-enacted legislation. A procedure established by law cannot be arbitrary, otherwise Article 21 would offer no real protection against despotic state enactments. Reasonableness is an essential element of equality and non-arbitrariness under Article 14, and therefore procedure under Article 21 must be reasonable, right, and just."
"case_002_ratio_02","ratio_chunk","Maneka Gandhi v. Union of India [Ratio 02: Golden Triangle]","AIR 1978 SC 597","Supreme Court of India","7-Judge Constitution Bench","1978","Article 21","Article 14, Article 19","Golden triangle, mutual interdependence of fundamental rights, non-arbitrariness","https://indiankanoon.org/doc/1766147/","[Case: Maneka Gandhi v Union of India
Citation: AIR 1978 SC 597
Article: 21]

LEGAL PRINCIPLE: Fundamental Rights under Part III do not operate as isolated, mutually exclusive silos; rather, Articles 14, 19, and 21 form an indivisible, interconnected trinity known as the 'Golden Triangle'.

HOLDING: A law depriving personal liberty under Article 21 must simultaneously satisfy the equality and non-arbitrariness mandates of Article 14 and the reasonableness tests under Article 19.

COURT REASONING: Justice Bhagwati rejected the Gopalan doctrine of mutually exclusive fundamental rights. The principle of reasonableness which legally as well as philosophically informs Article 14 must also permeate Article 21. Any law that is arbitrary under Article 14 is inherently unreasonable and cannot constitute valid 'procedure established by law' under Article 21."
"case_002_ratio_03","ratio_chunk","Maneka Gandhi v. Union of India [Ratio 03: Post-Decisional Hearing]","AIR 1978 SC 597","Supreme Court of India","7-Judge Constitution Bench","1978","Article 21","Article 14, Passports Act 1967","Natural justice, audi alteram partem, post-decisional hearing, impounding passport","https://indiankanoon.org/doc/1766147/","[Case: Maneka Gandhi v Union of India
Citation: AIR 1978 SC 597
Article: 21]

LEGAL PRINCIPLE: The rule of natural justice (audi alteram partem) is an essential facet of fairness and non-arbitrariness under Articles 14 and 21; where pre-decisional hearing would defeat the statutory object, a prompt post-decisional hearing satisfies natural justice.

HOLDING: While impounding a passport without giving reasons is unconstitutional, affording a fair post-decisional hearing cures the initial procedural defect.

COURT REASONING: The court observed that natural justice is not an unruly horse or a mechanical ritual. Although administrative urgency may occasionally justify dispensing with prior notice before seizing a passport to prevent flight from justice, the authority must immediately thereafter provide a full opportunity of being heard and communicate the reasons for the impoundment."
"case_003_ratio_01","ratio_chunk","Justice K.S. Puttaswamy (Retd.) v. Union of India [Ratio 01: Privacy as Intrinsic Right]","(2017) 10 SCC 1","Supreme Court of India","9-Judge Constitution Bench","2017","Article 21","Article 14, Article 19, Part III","Fundamental right to privacy, informational privacy, bodily autonomy, decisional privacy","https://indiankanoon.org/doc/127517806/","[Case: Justice K.S. Puttaswamy (Retd.) v Union of India
Citation: (2017) 10 SCC 1
Article: 21]

LEGAL PRINCIPLE: The Right to Privacy is a fundamental and inalienable right emanating intrinsically from the guarantee of life, personal liberty, and human dignity under Article 21, and is grounded in the foundational freedoms of Part III.

HOLDING: Privacy is protected as an essential aspect of dignity, encompassing spatial privacy, bodily privacy, informational privacy, and personal decisional autonomy.

COURT REASONING: Justice D.Y. Chandrachud writing for the bench explained that privacy is the constitutional core of human dignity. It enables individuals to preserve their autonomy, control dissemination of intimate information, and protect their physical and psychological integrity against State and private encroachment."
"case_003_ratio_02","ratio_chunk","Justice K.S. Puttaswamy (Retd.) v. Union of India [Ratio 02: Three-Fold Proportionality Test]","(2017) 10 SCC 1","Supreme Court of India","9-Judge Constitution Bench","2017","Article 21","Article 14, Article 19","Proportionality standard, legitimacy, necessity, least restrictive means, state intrusion on privacy","https://indiankanoon.org/doc/127517806/","[Case: Justice K.S. Puttaswamy (Retd.) v Union of India
Citation: (2017) 10 SCC 1
Article: 21]

LEGAL PRINCIPLE: Any State intrusion into personal privacy under Article 21 must satisfy a rigorous three-fold constitutional test of proportionality.

HOLDING: To legitimately restrict privacy, the State must prove: (1) Legality (action backed by a valid statutory law); (2) Legitimate State Aim (must serve a compelling state interest); and (3) Proportionality (rational nexus and the least restrictive measure adopted).

COURT REASONING: An infringement of privacy cannot be justified by mere executive guidelines. The law must prevent arbitrary state discretion, contain procedural safeguards against data abuse, and ensure that the extent of rights deprivation is strictly proportionate to the objective sought."
"case_003_ratio_03","ratio_chunk","Justice K.S. Puttaswamy (Retd.) v. Union of India [Ratio 03: Overruling MP Sharma, Kharak Singh & ADM Jabalpur]","(2017) 10 SCC 1","Supreme Court of India","9-Judge Constitution Bench","2017","Article 21","Article 20(3), Article 359","Overruling precedent, MP Sharma, Kharak Singh, ADM Jabalpur, HR Khanna dissent vindicated","https://indiankanoon.org/doc/127517806/","[Case: Justice K.S. Puttaswamy (Retd.) v Union of India
Citation: (2017) 10 SCC 1
Article: 21]

LEGAL PRINCIPLE: The decisions in M.P. Sharma (1954) and Kharak Singh (1963) are formally overruled to the extent they held that privacy is not a fundamental right; the majority judgment in ADM Jabalpur (1976) is declared profoundly flawed and expressly overruled.

HOLDING: Precedents denying privacy or sanctioning suspension of personal liberty during emergency are discarded from Indian constitutional jurisprudence.

COURT REASONING: The 9-Judge Bench held that the textual absence of the word 'privacy' in Part III does not negate its existence, as fundamental rights protect unenumerated core liberties. The court celebrated Justice H.R. Khanna's dissent in ADM Jabalpur, declaring that life and personal liberty pre-date the Constitution and can never be extinguished by executive decree."
"case_004_ratio_01","ratio_chunk","Kesavananda Bharati v. State of Kerala [Ratio 01: Basic Structure Doctrine]","(1973) 4 SCC 225","Supreme Court of India","13-Judge Constitution Bench","1973","Article 368","Article 13, Preamble","Basic structure doctrine, constituent amending power, unamendable core, supremacy of constitution","https://indiankanoon.org/doc/257876/","[Case: Kesavananda Bharati v State of Kerala
Citation: (1973) 4 SCC 225
Article: 368]

LEGAL PRINCIPLE: Parliament's constituent power to amend the Constitution under Article 368 is broad but not unlimited; it does not include the power to alter, damage, or destroy the 'Basic Structure' or foundational identity of the Constitution.

HOLDING: The word 'amend' in Article 368 implies retaining the original constitutional identity; Parliament cannot destroy its own constitutional creator.

COURT REASONING: Chief Justice Sikri and the majority held that the Constitution is not a tabula rasa that can be dismantled by a temporary legislative majority. The constituent power to amend is distinct from the power to enact a new Constitution. Foundational features like republican democracy, secularism, separation of powers, and judicial review form the bedrock of the constitutional structure and cannot be abrogated."
"case_004_ratio_02","ratio_chunk","Kesavananda Bharati v. State of Kerala [Ratio 02: Judicial Review as Basic Feature]","(1973) 4 SCC 225","Supreme Court of India","13-Judge Constitution Bench","1973","Article 368","Article 31C, Article 32, Article 226","Judicial review, Article 31C second part struck down, exclusion of judicial scrutiny void","https://indiankanoon.org/doc/257876/","[Case: Kesavananda Bharati v State of Kerala
Citation: (1973) 4 SCC 225
Article: 368]

LEGAL PRINCIPLE: Judicial review of legislation is an essential basic feature of the Constitution; any constitutional amendment or statute that ousts judicial review is ultra vires and void.

HOLDING: The second clause of Article 31C, which barred courts from questioning whether an enactment actually gave effect to Directive Principles, was struck down as unconstitutional.

COURT REASONING: The court ruled that Parliament cannot confer upon itself or state legislatures conclusive authority to immunize their laws from judicial examination. An ouster of judicial review destroys the balance of power and violates the Basic Structure."
"case_005_ratio_01","ratio_chunk","Minerva Mills Ltd. v. Union of India [Ratio 01: Limited Amending Power as Basic Feature]","(1980) 3 SCC 625","Supreme Court of India","5-Judge Constitution Bench","1980","Article 368","Article 368(4), Article 368(5)","Limited amending power, basic structure, striking down 42nd Amendment Section 55","https://indiankanoon.org/doc/1939993/","[Case: Minerva Mills Ltd. v Union of India
Citation: (1980) 3 SCC 625
Article: 368]

LEGAL PRINCIPLE: A limited amending power is itself one of the basic features of the Constitution; Parliament cannot use its limited constituent power under Article 368 to enlarge that very power into an absolute, unlimited one.

HOLDING: Clauses (4) and (5) of Article 368 (inserted by the 42nd Amendment) seeking to exclude judicial review and claim unlimited amending power are unconstitutional and void.

COURT REASONING: Chief Justice Y.V. Chandrachud observed that the donor of a limited power cannot expand that power into an absolute one. If by constitutional amendment Parliament could remove all limitations on its amending power, it would destroy the basic structure by claiming supreme sovereignty over the Constitution itself."
"case_005_ratio_02","ratio_chunk","Minerva Mills Ltd. v. Union of India [Ratio 02: Harmonious Balance of FRs and DPSPs]","(1980) 3 SCC 625","Supreme Court of India","5-Judge Constitution Bench","1980","Article 368","Article 14, Article 19, Article 31C, Part IV","Harmonious balance, Fundamental Rights vs Directive Principles, bed-rock of Constitution","https://indiankanoon.org/doc/1939993/","[Case: Minerva Mills Ltd. v Union of India
Citation: (1980) 3 SCC 625
Article: 368]

LEGAL PRINCIPLE: The harmony and balance between Fundamental Rights (Part III) and Directive Principles of State Policy (Part IV) is an essential feature of the Basic Structure of the Indian Constitution.

HOLDING: Section 4 of the 42nd Amendment, which amended Article 31C to give blanket primacy to all Directive Principles over Articles 14 and 19, was declared unconstitutional.

COURT REASONING: The court held that Part III and Part IV together constitute the core of constitutional human rights. To destroy the guarantees of Fundamental Rights in the name of implementing Directive Principles is to uproot the foundation of the Constitution. They are like two wheels of a chariot; giving absolute supremacy to one at the expense of the other destroys the constitutional equilibrium."
"case_006_ratio_01","ratio_chunk","E.P. Royappa v. State of Tamil Nadu [Ratio 01: Dynamic Anti-Arbitrariness Doctrine]","(1974) 4 SCC 3","Supreme Court of India","5-Judge Constitution Bench","1974","Article 14","Article 16","Dynamic equality, anti-arbitrariness, rule of law vs whim and caprice","https://indiankanoon.org/doc/1331149/","[Case: E.P. Royappa v State of Tamil Nadu
Citation: (1974) 4 SCC 3
Article: 14]

LEGAL PRINCIPLE: Equality under Article 14 is a dynamic, living concept that cannot be confined within traditional classification doctrines; equality is completely antithetical to arbitrariness.

HOLDING: State action that is arbitrary, whimsical, or devoid of reason violates Article 14 per se, because equality and arbitrariness are sworn enemies.

COURT REASONING: Justice P.N. Bhagwati propounded that traditional classification theory is merely a judicial formula for determining whether an enactment is arbitrary. Where an executive or legislative action fails the test of reason and fair play, it necessarily infringes the constitutional guarantee of equality under Article 14."
"case_007_ratio_01","ratio_chunk","Indra Sawhney v. Union of India [Ratio 01: 50% Ceiling and Creamy Layer]","AIR 1993 SC 477","Supreme Court of India","9-Judge Constitution Bench","1992","Article 16","Article 14, Article 15","50% reservation ceiling, creamy layer exclusion, substantive equality","https://indiankanoon.org/doc/1363234/","[Case: Indra Sawhney v Union of India
Citation: AIR 1993 SC 477
Article: 16]

LEGAL PRINCIPLE: Reservations under Article 16(4) cannot exceed the strict 50% ceiling limit in any given year, and the 'Creamy Layer' must be excluded from OBC benefits to protect genuinely backward individuals.

HOLDING: 27% quota for OBCs is constitutionally valid subject to mandatory exclusion of the creamy layer and observance of the 50% cap on total reservations.

COURT REASONING: The 9-Judge Bench reasoned that Article 16(4) is an instrument of substantive equality under Article 16(1). However, reservation cannot become the rule and merit the exception; the 50% ceiling ensures administrative efficiency under Article 335 and fair competition for all citizens."
"case_008_ratio_01","ratio_chunk","Shayara Bano v. Union of India [Ratio 01: Manifest Arbitrariness Doctrine]","(2017) 9 SCC 1","Supreme Court of India","5-Judge Constitution Bench","2017","Article 14","Article 21, Article 25","Manifest arbitrariness, striking down legislation under Article 14, capricious state action","https://indiankanoon.org/doc/115701246/","[Case: Shayara Bano v Union of India
Citation: (2017) 9 SCC 1
Article: 14]

LEGAL PRINCIPLE: Plenary legislation, statutory provisions, and subordinate laws can be struck down under Article 14 on the ground of 'Manifest Arbitrariness'.

HOLDING: Enactments or recognized legal practices that are irrational, capricious, disproportionate, or devoid of determining principle violate Article 14.

COURT REASONING: Justice R.F. Nariman clarified that manifest arbitrariness is an independent ground of constitutional invalidation. An action is manifestly arbitrary when it is done without adequate determining principle, or is capricious, irrational, or excessively disproportionate."
"case_009_ratio_01","ratio_chunk","Navtej Singh Johar v. Union of India [Ratio 01: Constitutional Morality & Section 377]","(2018) 10 SCC 1","Supreme Court of India","5-Judge Constitution Bench","2018","Article 21","Article 14, Article 15","Constitutional morality, decriminalization of Section 377 IPC, sexual orientation, dignity","https://indiankanoon.org/doc/1199182/","[Case: Navtej Singh Johar v Union of India
Citation: (2018) 10 SCC 1
Article: 21]

LEGAL PRINCIPLE: 'Constitutional Morality' must prevail over majoritarian public morality; criminalizing consensual adult intimate relations under Section 377 IPC violates fundamental rights to liberty, dignity, and equality.

HOLDING: Consensual sexual acts between adults of the same sex are fully protected under Article 21 privacy and personal autonomy; Section 377 IPC is partially struck down.

COURT REASONING: The court held that the Constitution protects minorities against majoritarian prejudices. Sexual orientation is an innate, core attribute of human identity, and any statutory discrimination based on sexual orientation violates Article 14 and Article 15(1)."
"case_010_ratio_01","ratio_chunk","Shreya Singhal v. Union of India [Ratio 01: Discussion vs Advocacy vs Incitement]","(2015) 5 SCC 1","Supreme Court of India","2-Judge Bench","2015","Article 19","Article 19(1)(a), Article 19(2)","Section 66A IT Act struck down, freedom of speech online, incitement threshold, chilling effect","https://indiankanoon.org/doc/110813550/","[Case: Shreya Singhal v Union of India
Citation: (2015) 5 SCC 1
Article: 19]

LEGAL PRINCIPLE: Freedom of speech under Article 19(1)(a) protects discussion and advocacy; state prohibition is permitted under Article 19(2) only when speech reaches the clear threshold of 'Incitement'.

HOLDING: Section 66A of the Information Technology Act was struck down in its entirety for unconstitutional vagueness, overbreadth, and creating an intolerable chilling effect on online expression.

COURT REASONING: Justice Nariman established the clear boundary in free speech jurisprudence: Discussion of unpopular ideas is protected; Advocacy of even radical causes is protected; only when advocacy crosses into direct Incitement to violence or public disorder can the State intervene under Article 19(2)."
"case_016_ratio_01","ratio_chunk","Olga Tellis v. Bombay Municipal Corporation [Ratio 01: Right to Livelihood]","(1985) 3 SCC 545","Supreme Court of India","5-Judge Constitution Bench","1985","Article 21","Article 14, Article 19(1)(e)","Right to livelihood, pavement dwellers, eviction safeguards, natural justice","https://indiankanoon.org/doc/709776/","[Case: Olga Tellis v Bombay Municipal Corporation
Citation: (1985) 3 SCC 545
Article: 21]

LEGAL PRINCIPLE: The Right to Livelihood is an integral and inseparable facet of the Right to Life under Article 21; deprivation of livelihood strips life of its meaningful existence.

HOLDING: State authorities cannot summarily evict slum and pavement dwellers without complying with basic requirements of procedural fairness, prior notice, and opportunity of representation.

COURT REASONING: Chief Justice Chandrachud reasoned that what makes life worth living is the means to sustain it. Depriving an impoverished citizen of their small pavement trade or dwelling inevitably deprives them of their means of survival, directly engaging Article 21."
"case_017_ratio_01","ratio_chunk","Francis Coralie Mullin v. Administrator, UT of Delhi [Ratio 01: Human Dignity]","(1981) 1 SCC 608","Supreme Court of India","2-Judge Bench","1981","Article 21","Article 14","Right to life with dignity, beyond animal existence, prisoners' rights, access to lawyer","https://indiankanoon.org/doc/1712542/","[Case: Francis Coralie Mullin v Administrator, Union Territory of Delhi
Citation: (1981) 1 SCC 608
Article: 21]

LEGAL PRINCIPLE: The Right to Life under Article 21 means the Right to Live with Human Dignity, extending far beyond mere physical animal survival to include basic necessities, culture, and social interaction.

HOLDING: Incarcerated individuals and preventive detenus retain the fundamental right to human dignity, including the right to freely consult legal counsel and meet family members without arbitrary restrictions.

COURT REASONING: Justice Bhagwati held that any act which damages, degrades, or diminishes human dignity strikes at the core of Article 21. Imprisonment curtails liberty of movement, but does not extinguish a human being's fundamental right to be treated with dignity."
"case_018_ratio_01","ratio_chunk","Hussainara Khatoon v. Home Secretary, State of Bihar [Ratio 01: Speedy Trial & Legal Aid]","(1979) 3 SCC 816","Supreme Court of India","3-Judge Bench","1979","Article 21","Article 39A","Right to speedy trial, undertrials, free legal aid, bail reforms","https://indiankanoon.org/doc/1373215/","[Case: Hussainara Khatoon v State of Bihar
Citation: (1979) 3 SCC 816
Article: 21]

LEGAL PRINCIPLE: The Right to a Speedy Trial and Free Legal Aid for indigent accused are constitutional fundamental rights implicit in Article 21 and Article 39A.

HOLDING: Prolonged, indefinite incarceration of undertrials without trial violates Article 21; State cannot plead financial or administrative inability to deny speedy trials or legal counsel.

COURT REASONING: Justice Bhagwati held that a criminal procedure which permits an accused person to languish in jail for years without trial is oppressive and fails the Maneka Gandhi test of being 'just, fair, and reasonable'. Free legal services to impoverished accused are an imperative constitutional duty of the State."
"case_020_ratio_01","ratio_chunk","Selvi v. State of Karnataka [Ratio 01: Mental Privacy & Self-Incrimination]","(2010) 7 SCC 263","Supreme Court of India","3-Judge Bench","2010","Article 20","Article 21","Narco-analysis, polygraph, self-incrimination under Article 20(3), mental privacy under Article 21","https://indiankanoon.org/doc/1547842/","[Case: Selvi v State of Karnataka
Citation: (2010) 7 SCC 263
Article: 20]

LEGAL PRINCIPLE: Involuntary administration of neuro-scientific investigative techniques (narco-analysis, polygraph, brain electrical activation) violates protection against self-incrimination under Article 20(3) and mental privacy under Article 21.

HOLDING: Forcible extraction of subconscious information without consent is unconstitutional and inadmissible in criminal trials.

COURT REASONING: Chief Justice K.G. Balakrishnan held that Article 20(3) protects an accused's absolute right to choose between speech and silence. Forcible chemical or electrical intrusion into the human mind destroys mental privacy and bodily integrity, inflicting mental torture in violation of Article 21."
"case_021_ratio_01","ratio_chunk","Common Cause v. Union of India [Ratio 01: Passive Euthanasia & Living Wills]","(2018) 5 SCC 1","Supreme Court of India","5-Judge Constitution Bench","2018","Article 21","Article 14","Passive euthanasia, right to die with dignity, living wills, advance medical directives","https://indiankanoon.org/doc/1715421/","[Case: Common Cause v Union of India
Citation: (2018) 5 SCC 1
Article: 21]

LEGAL PRINCIPLE: The Fundamental Right to Life with dignity under Article 21 includes the right to a dignified dying process; passive euthanasia and Advance Medical Directives (Living Wills) are legally valid.

HOLDING: Withdrawing life support from terminally ill patients in irreversible vegetative state is constitutionally permissible under medical board supervision.

COURT REASONING: Chief Justice Dipak Misra affirmed that bodily autonomy and dignity belong to an individual until death. Forcing a dying person to undergo artificial and painful medical prolongation of dying against their express advance will violates human dignity under Article 21."
"case_022_ratio_01","ratio_chunk","PUCL v. Union of India [Ratio 01: Telephone Tapping Safeguards]","(1997) 1 SCC 301","Supreme Court of India","2-Judge Bench","1997","Article 21","Article 19(1)(a)","Telephone tapping, right to privacy, public emergency requirement, procedural safeguards","https://indiankanoon.org/doc/1218090/","[Case: PUCL v Union of India (Telephone Tapping)
Citation: (1997) 1 SCC 301
Article: 21]

LEGAL PRINCIPLE: Interception of telephone conversations violates the Right to Privacy under Article 21 and Freedom of Expression under Article 19(1)(a) unless strictly justified by public emergency or public safety.

HOLDING: Tapping orders must be authorized exclusively by the Union/State Home Secretary and reviewed periodically by a High-Powered Committee.

COURT REASONING: The court observed that telephone conversations are private communications. Unregulated, secret interception by state intelligence agencies creates a pervasive state of fear and violates democratic liberties under Part III."
"case_026_ratio_01","ratio_chunk","ADM Jabalpur v. Shivkant Shukla [Ratio 01: Justice H.R. Khanna Dissent]","(1976) 2 SCC 521","Supreme Court of India","5-Judge Constitution Bench","1976","Article 21","Article 359, Rule of Law","Habeas corpus during emergency, rule of law, inalienability of life and liberty, HR Khanna dissent","https://indiankanoon.org/doc/1715421/","[Case: ADM Jabalpur v Shivkant Shukla
Citation: (1976) 2 SCC 521
Article: 21]

LEGAL PRINCIPLE: Even during a proclaimed Emergency under Article 352, the State possesses no constitutional or legal authority to deprive a citizen of life or personal liberty without authority of valid law.

HOLDING: Justice H.R. Khanna's dissent established that the Rule of Law is the supreme command of the Constitution; presidential orders under Article 359 cannot immunize illegal, arbitrary detentions from judicial inquiry.

COURT REASONING: Justice Khanna declared that Article 21 did not create the right to life; life and liberty are natural, inalienable human rights. Without the Rule of Law, a civilized society collapses into executive lawlessness. His dissent was officially adopted by Parliament in the 44th Amendment and unanimously affirmed by the 9-Judge Bench in Puttaswamy (2017)."
"case_029_ratio_01","ratio_chunk","I.R. Coelho v. State of Tamil Nadu [Ratio 01: Ninth Schedule Subject to Basic Structure]","(2007) 2 SCC 1","Supreme Court of India","9-Judge Constitution Bench","2007","Article 368","Article 31B, Article 14, Article 19, Article 21","Ninth Schedule, basic structure touchstone, judicial review of constitutional amendments","https://indiankanoon.org/doc/134715/","[Case: I.R. Coelho v State of Tamil Nadu
Citation: (2007) 2 SCC 1
Article: 368]

LEGAL PRINCIPLE: All statutes placed in the Ninth Schedule on or after April 24, 1973 must pass the constitutional test of the Basic Structure Doctrine; Parliament cannot use Article 31B to create an untouchable legislative sanctuary.

HOLDING: Any Ninth Schedule law that abrogates the golden triangle (Articles 14, 19, 21) or destroys the basic features of the Constitution will be invalidated by courts.

COURT REASONING: Chief Justice Sabharwal held that constituent power cannot be delegated to ordinary statutes placed in the Ninth Schedule. The 'rights test' and 'essence of rights test' apply to prevent Parliament from eroding constitutional supremacy through the device of the Ninth Schedule."
"case_030_ratio_01","ratio_chunk","R.C. Cooper v. Union of India [Ratio 01: Direct and Inevitable Effect Test]","(1970) 1 SCC 248","Supreme Court of India","11-Judge Constitution Bench","1970","Article 14","Article 19(1)(f), Article 31","Direct and inevitable effect test, dismantling Gopalan silos, bank nationalization","https://indiankanoon.org/doc/1331149/","[Case: R.C. Cooper v Union of India
Citation: (1970) 1 SCC 248
Article: 14]

LEGAL PRINCIPLE: The constitutional validity of state action is determined by its direct operation and inevitable effect upon fundamental rights, not by the legislative object or form of the statute.

HOLDING: Overruled the Gopalan doctrine of mutually exclusive fundamental rights; laws affecting property or personal liberty must satisfy both Article 14 equality and Article 19 reasonableness.

COURT REASONING: Justice J.C. Shah held that state action impairs constitutional rights when its inevitable consequence restricts those rights. The court must look at the substantive impact upon the citizen rather than the formal legislative label under which the law was enacted."
"case_036_ratio_01","ratio_chunk","Anuradha Bhasin v. Union of India [Ratio 01: Internet as Fundamental Right & Proportionality]","(2020) 3 SCC 637","Supreme Court of India","3-Judge Bench","2020","Article 19","Article 19(1)(a), Article 19(1)(g), Article 21","Internet shutdown, fundamental rights via internet, proportionality standard, publishing orders","https://indiankanoon.org/doc/1454522/","[Case: Anuradha Bhasin v Union of India
Citation: (2020) 3 SCC 637
Article: 19]

LEGAL PRINCIPLE: Freedom of speech and expression under Article 19(1)(a) and the right to carry on trade/profession under Article 19(1)(g) over the medium of the internet are constitutionally protected fundamental rights; indefinite internet shutdowns are illegal.

HOLDING: Any internet suspension must adhere to the four-fold proportionality test, be strictly temporary, and all suspension orders must be published for judicial scrutiny.

COURT REASONING: The Supreme Court observed that the internet has become an indispensable modern vehicle for expressing thought, commerce, education, and access to justice. An indefinite shutdown creates a complete prohibition rather than a reasonable restriction, breaching the doctrine of proportionality."
"case_041_ratio_01","ratio_chunk","L. Chandra Kumar v. Union of India [Ratio 01: Judicial Review is Basic Structure]","(1997) 3 SCC 261","Supreme Court of India","7-Judge Constitution Bench","1997","Article 32","Article 226, Article 227","Judicial review, basic structure, administrative tribunals, High Court supervisory writ jurisdiction","https://indiankanoon.org/doc/981147/","[Case: L. Chandra Kumar v Union of India
Citation: (1997) 3 SCC 261
Article: 32]

LEGAL PRINCIPLE: The power of judicial review vested in the High Courts under Articles 226/227 and in the Supreme Court under Article 32 is an inviolable basic feature of the Constitution that cannot be ousted by legislative enactment.

HOLDING: Statutory provisions excluding High Court writ jurisdiction over Administrative Tribunals are unconstitutional; all tribunal orders are subject to review by a Division Bench of the High Court.

COURT REASONING: The 7-Judge Bench held that tribunals can serve as courts of first instance, but they can never substitute the constitutional writ jurisdiction of the High Courts. The constitutional oversight of higher judiciary is indispensable for maintaining the rule of law."
"case_048_ratio_01","ratio_chunk","Indian Young Lawyers Assn v. State of Kerala [Ratio 01: Biological Exclusion & Constitutional Morality]","(2019) 11 SCC 1","Supreme Court of India","5-Judge Constitution Bench","2018","Article 25","Article 14, Article 15, Article 17, Article 21","Sabarimala entry, biological exclusion of women, constitutional morality over social custom, untouchability","https://indiankanoon.org/doc/631708/","[Case: Indian Young Lawyers Association v State of Kerala (Sabarimala)
Citation: (2019) 11 SCC 1
Article: 25]

LEGAL PRINCIPLE: Excluding women from public religious worship based on biological physiological factors violates equality under Article 14, non-discrimination under Article 15, and personal dignity under Article 21; Constitutional Morality supersedes patriarchal custom.

HOLDING: Rule 3(b) of the Kerala Entry Rules barring women aged 10-50 from Sabarimala temple was struck down as unconstitutional.

COURT REASONING: Chief Justice Dipak Misra and Justice Chandrachud held that religious freedom under Article 25(1) is subject to fundamental rights. Equating menstruation with physiological impurity is a form of untouchability violating Article 17. The Constitution rejects religious patriarchies that subordinate women."
"case_049_ratio_01","ratio_chunk","NALSA v. Union of India [Ratio 01: Gender Identity Self-Determination]","(2014) 5 SCC 438","Supreme Court of India","2-Judge Bench","2014","Article 21","Article 14, Article 15, Article 19(1)(a)","Third gender recognition, transgender rights, gender self-determination, bodily autonomy","https://indiankanoon.org/doc/1939993/","[Case: National Legal Services Authority (NALSA) v Union of India
Citation: (2014) 5 SCC 438
Article: 21]

LEGAL PRINCIPLE: Self-determination of one's gender identity is an inalienable component of personal liberty, dignity, and autonomy guaranteed under Article 21; discrimination based on gender identity violates Articles 14, 15, and 16.

HOLDING: Transgender persons have the constitutional right to self-identify their gender as male, female, or third gender without undergoing sex reassignment surgery.

COURT REASONING: Justice K.S. Radhakrishnan held that gender identity lies at the core of human personality. The binary classification of male and female fails to accommodate persons of diverse gender expressions, depriving them of equal citizenship and fundamental dignity."
